X,Y,Z
8601,-21505,17663
8960,-20225,18175
7936,-17153,17919
7680,-13313,17919
8448,-9473,17919
8960,-6657,19711
8192,-4609,19967
7168,-3585,20223
6400,-4097,19455
6912,-5889,18175
6912,-7937,17663
7168,-8961,18175
9984,-9217,20223
11520,-10241,21759
11264,-10497,22527
10240,-11009,22527
9984,-11265,23295
10752,-11777,22527
11264,-12289,22527
11264,-12801,21503
11776,-13569,20735
11776,-13825,19967
11776,-13569,19711
10752,-14081,19455
8704,-14337,20223
-230,-60,76
-235,-61,76
-235,-63,72
-231,-63,70
-224,-59,64
-218,-49,63
-214,-38,61
-214,-29,65
-215,-37,92
-225,-39,95
-223,-37,92
-217,-36,86
-213,-35,81
-211,-35,76
-213,-37,72
-214,-39,68
-216,-43,63
-218,-48,61
-220,-51,62
-218,-56,66
-215,-59,73
-214,-62,80
-213,-64,84
-214,-63,90
-215,-63,92
8601,-21505,17663
8960,-20225,18175
7936,-17153,17919
7680,-13313,17919
8448,-9473,17919
8960,-6657,19711
8192,-4609,19967
7168,-3585,20223
6400,-4097,19455
6912,-5889,18175
6912,-7937,17663
7168,-8961,18175
9984,-9217,20223
11520,-10241,21759
11264,-10497,22527
10240,-11009,22527
9984,-11265,23295
10752,-11777,22527
11264,-12289,22527
11264,-12801,21503
11776,-13569,20735
11776,-13825,19967
11776,-13569,19711
10752,-14081,19455
8704,-14337,20223
-230,-60,76
-235,-61,76
-235,-63,72
-231,-63,70
-224,-59,64
-218,-49,63
-214,-38,61
-214,-29,65
-215,-37,92
-225,-39,95
-223,-37,92
-217,-36,86
-213,-35,81
-211,-35,76
-213,-37,72
-214,-39,68
-216,-43,63
-218,-48,61
-220,-51,62
-218,-56,66
-215,-59,73
-214,-62,80
-213,-64,84
-214,-63,90
-215,-63,92
-215,-64,93
-218,-65,85
-222,-66,78
-226,-67,70
-228,-64,67
-229,-64,64
-230,-59,60
-230,-52,60
-229,-51,60
-228,-51,66
-225,-53,66
-228,-53,67
-229,-48,66
-226,-46,67
-211,-50,65
-197,-62,62
-191,-71,48
-192,-74,35
-201,-57,35
-211,-40,43
-227,-16,60
-233,-2,70
-236,4,84
-237,4,99
-239,-12,111
8601,-21505,17663
8960,-20225,18175
7936,-17153,17919
7680,-13313,17919
8448,-9473,17919
8960,-6657,19711
8192,-4609,19967
7168,-3585,20223
6400,-4097,19455
6912,-5889,18175
6912,-7937,17663
7168,-8961,18175
9984,-9217,20223
11520,-10241,21759
11264,-10497,22527
10240,-11009,22527
9984,-11265,23295
10752,-11777,22527
11264,-12289,22527
11264,-12801,21503
11776,-13569,20735
11776,-13825,19967
11776,-13569,19711
10752,-14081,19455
8704,-14337,20223
-230,-60,76
-235,-61,76
-235,-63,72
-231,-63,70
-224,-59,64
-218,-49,63
-214,-38,61
-214,-29,65
-215,-37,92
-225,-39,95
-223,-37,92
-217,-36,86
-213,-35,81
-211,-35,76
-213,-37,72
-214,-39,68
-216,-43,63
-218,-48,61
-220,-51,62
-218,-56,66
-215,-59,73
-214,-62,80
-213,-64,84
-214,-63,90
-215,-63,92
-215,-64,93
-218,-65,85
-222,-66,78
-226,-67,70
-228,-64,67
-229,-64,64
-230,-59,60
-230,-52,60
-229,-51,60
-228,-51,66
-225,-53,66
-228,-53,67
-229,-48,66
-226,-46,67
-211,-50,65
-197,-62,62
-191,-71,48
-192,-74,35
-201,-57,35
-211,-40,43
-227,-16,60
-233,-2,70
-236,4,84
-237,4,99
-239,-12,111
-242,-26,112
-245,-40,111
-245,-54,109
-240,-64,108
-232,-69,112
-226,-75,110
-222,-75,108
-215,-73,101
-216,-71,94
-207,-66,84
-206,-66,74
-222,-70,65
-239,-74,59
-243,-78,57
-231,-73,57
-216,-64,66
-210,-54,68
-210,-46,70
-212,-41,69
-214,-39,66
-212,-42,61
-210,-44,59
-211,-44,57
-213,-48,52
-216,-54,54
-218,-62,60
-221,-67,68
-220,-65,71
-217,-64,72
-212,-67,68
-204,-76,63
-197,-83,60
-193,-86,60
-194,-83,64
-195,-74,68
-200,-67,74
-205,-63,80
-212,-61,92
-213,-60,109
-217,-62,128
-213,-65,152
-210,-67,165
-208,-66,163
-210,-72,153
-205,-83,142
-206,-96,133
-223,-105,127
-228,-111,122
-211,-111,110
-185,-112,101
-218,-62,60
-221,-67,68
-220,-65,71
-217,-64,72
-212,-67,68
-204,-76,63
-197,-83,60
-193,-86,60
-194,-83,64
-195,-74,68
-200,-67,74
-205,-63,80
-212,-61,92
-213,-60,109
-217,-62,128
-213,-65,152
-210,-67,165
-208,-66,163
-210,-72,153
-205,-83,142
-206,-96,133
-223,-105,127
-228,-111,122
-211,-111,110
-185,-112,101
-165,-111,101
-165,-100,97
-180,-83,91
-199,-72,85
-218,-69,81
-228,-71,80
-239,-70,83
-240,-66,90
-241,-62,94
-241,-54,96
-229,-49,91
-220,-44,83
-215,-44,74
-212,-48,70
-218,-55,64
-227,-63,60
-240,-68,60
-239,-76,65
-225,-86,72
-197,-90,85
-170,-86,93
-161,-61,109
-165,-27,101
-163,6,89
-165,22,83
-218,-62,60
-221,-67,68
-220,-65,71
-217,-64,72
-212,-67,68
-204,-76,63
-197,-83,60
-193,-86,60
-194,-83,64
-195,-74,68
-200,-67,74
-205,-63,80
-212,-61,92
-213,-60,109
-217,-62,128
-213,-65,152
-210,-67,165
-208,-66,163
-210,-72,153
-205,-83,142
-206,-96,133
-223,-105,127
-228,-111,122
-211,-111,110
-185,-112,101
-165,-111,101
-165,-100,97
-180,-83,91
-199,-72,85
-218,-69,81
-228,-71,80
-239,-70,83
-240,-66,90
-241,-62,94
-241,-54,96
-229,-49,91
-220,-44,83
-215,-44,74
-212,-48,70
-218,-55,64
-227,-63,60
-240,-68,60
-239,-76,65
-225,-86,72
-197,-90,85
-170,-86,93
-161,-61,109
-165,-27,101
-163,6,89
-165,22,83
-166,15,91
-180,6,103
-194,3,105
-224,6,99
-242,23,105
-253,46,110
-250,65,117
-239,74,120
-227,73,121
-220,64,120
-224,59,110
-226,52,101
-225,48,95
-219,48,88
-219,49,84
-224,50,82
-232,55,75
-245,53,64
-249,44,74
-254,47,72
-255,49,74
-254,51,80
-249,48,77
-239,38,71
-222,21,71
-218,-62,60
-221,-67,68
-220,-65,71
-217,-64,72
-212,-67,68
-204,-76,63
-197,-83,60
-193,-86,60
-194,-83,64
-195,-74,68
-200,-67,74
-205,-63,80
-212,-61,92
-213,-60,109
-217,-62,128
-213,-65,152
-210,-67,165
-208,-66,163
-210,-72,153
-205,-83,142
-206,-96,133
-223,-105,127
-228,-111,122
-211,-111,110
-185,-112,101
-165,-111,101
-165,-100,97
-180,-83,91
-199,-72,85
-218,-69,81
-228,-71,80
-239,-70,83
-240,-66,90
-241,-62,94
-241,-54,96
-229,-49,91
-220,-44,83
-215,-44,74
-212,-48,70
-218,-55,64
-227,-63,60
-240,-68,60
-239,-76,65
-225,-86,72
-197,-90,85
-170,-86,93
-161,-61,109
-165,-27,101
-163,6,89
-165,22,83
-166,15,91
-180,6,103
-194,3,105
-224,6,99
-242,23,105
-253,46,110
-250,65,117
-239,74,120
-227,73,121
-220,64,120
-224,59,110
-226,52,101
-225,48,95
-219,48,88
-219,49,84
-224,50,82
-232,55,75
-245,53,64
-249,44,74
-254,47,72
-255,49,74
-254,51,80
-249,48,77
-239,38,71
-222,21,71
-209,2,74
-193,-9,84
-175,-15,89
-165,-5,90
-165,6,82
-169,12,90
-172,10,115
-170,7,133
-166,4,141
-153,0,137
-136,-10,135
-109,-8,143
-90,-8,152
-104,-24,140
-139,-56,117
-184,-59,90
-232,-47,83
-281,-20,99
-310,6,136
-296,25,174
-260,14,186
-229,-14,184
-196,-34,184
-177,-37,177
-168,-22,155
-172,-9,123
-185,-21,105
-196,-31,91
-211,-34,90
-220,-31,89
-233,-31,83
-251,-42,62
-255,-58,35
-265,-67,10
-268,-71,-7
-274,-88,-15
-283,-113,-12
-283,-121,3
-259,-111,20
-229,-91,32
-202,-73,43
-199,-71,51
-224,-71,64
-251,-71,71
-261,-68,81
-255,-64,90
-246,-60,101
-251,-55,116
-270,-46,136
-288,-36,159
-172,-9,123
-185,-21,105
-196,-31,91
-211,-34,90
-220,-31,89
-233,-31,83
-251,-42,62
-255,-58,35
-265,-67,10
-268,-71,-7
-274,-88,-15
-283,-113,-12
-283,-121,3
-259,-111,20
-229,-91,32
-202,-73,43
-199,-71,51
-224,-71,64
-251,-71,71
-261,-68,81
-255,-64,90
-246,-60,101
-251,-55,116
-270,-46,136
-288,-36,159
-310,-46,181
-314,-62,194
-313,-69,192
-314,-65,180
-281,-61,147
-221,-61,115
-162,-46,100
-119,-17,82
-85,17,44
-49,35,-4
-16,35,-29
-6,19,-1
-35,11,72
-60,16,171
-64,10,205
-56,-6,199
-63,-19,142
-110,-32,119
-190,-48,141
-278,-76,211
-396,-120,297
-499,-167,341
-512,-197,325
-512,-213,306
-512,-226,295
-172,-9,123
-185,-21,105
-196,-31,91
-211,-34,90
-220,-31,89
-233,-31,83
-251,-42,62
-255,-58,35
-265,-67,10
-268,-71,-7
-274,-88,-15
-283,-113,-12
-283,-121,3
-259,-111,20
-229,-91,32
-202,-73,43
-199,-71,51
-224,-71,64
-251,-71,71
-261,-68,81
-255,-64,90
-246,-60,101
-251,-55,116
-270,-46,136
-288,-36,159
-310,-46,181
-314,-62,194
-313,-69,192
-314,-65,180
-281,-61,147
-221,-61,115
-162,-46,100
-119,-17,82
-85,17,44
-49,35,-4
-16,35,-29
-6,19,-1
-35,11,72
-60,16,171
-64,10,205
-56,-6,199
-63,-19,142
-110,-32,119
-190,-48,141
-278,-76,211
-396,-120,297
-499,-167,341
-512,-197,325
-512,-213,306
-512,-226,295
-512,-216,275
-478,-197,223
-371,-186,138
-269,-162,87
-200,-115,55
-147,-64,40
-102,-31,19
-64,-11,-15
-47,4,-74
-33,27,-140
-22,46,-169
-24,37,-175
-33,14,-167
-49,-8,-175
-71,-16,-200
-137,-1,-250
-246,-3,-250
-373,-39,-114
-512,-91,90
-512,-171,359
-510,-254,511
-441,-219,511
-350,-90,511
-251,26,447
-206,42,287
-172,-9,123
-185,-21,105
-196,-31,91
-211,-34,90
-220,-31,89
-233,-31,83
-251,-42,62
-255,-58,35
-265,-67,10
-268,-71,-7
-274,-88,-15
-283,-113,-12
-283,-121,3
-259,-111,20
-229,-91,32
-202,-73,43
-199,-71,51
-224,-71,64
-251,-71,71
-261,-68,81
-255,-64,90
-246,-60,101
-251,-55,116
-270,-46,136
-288,-36,159
-310,-46,181
-314,-62,194
-313,-69,192
-314,-65,180
-281,-61,147
-221,-61,115
-162,-46,100
-119,-17,82
-85,17,44
-49,35,-4
-16,35,-29
-6,19,-1
-35,11,72
-60,16,171
-64,10,205
-56,-6,199
-63,-19,142
-110,-32,119
-190,-48,141
-278,-76,211
-396,-120,297
-499,-167,341
-512,-197,325
-512,-213,306
-512,-226,295
-512,-216,275
-478,-197,223
-371,-186,138
-269,-162,87
-200,-115,55
-147,-64,40
-102,-31,19
-64,-11,-15
-47,4,-74
-33,27,-140
-22,46,-169
-24,37,-175
-33,14,-167
-49,-8,-175
-71,-16,-200
-137,-1,-250
-246,-3,-250
-373,-39,-114
-512,-91,90
-512,-171,359
-510,-254,511
-441,-219,511
-350,-90,511
-251,26,447
-206,42,287
-99,26,237
-34,46,177
-23,53,111
1,30,76
44,6,36
81,-7,6
99,-13,-4
101,-20,-2
97,-33,16
93,-41,42
85,-35,71
79,-14,98
51,-39,168
47,-53,210
20,-71,222
27,-130,300
-66,-194,456
-309,-197,511
-508,-169,511
-512,-131,511
-496,-122,454
-351,-100,190
-234,-60,94
-169,-28,115
-122,-21,136
-87,-13,118
-57,5,84
-36,15,62
-27,25,33
-23,35,-21
-20,34,-75
-8,26,-129
2,16,-172
4,-1,-188
-2,-16,-183
-20,-20,-166
-79,10,-129
-179,23,-17
-271,-24,278
-367,-160,511
-437,-267,511
-387,-222,511
-251,-48,511
-141,108,390
-157,65,251
-29,49,260
25,72,204
52,91,116
85,63,67
138,-9,30
-87,-13,118
-57,5,84
-36,15,62
-27,25,33
-23,35,-21
-20,34,-75
-8,26,-129
2,16,-172
4,-1,-188
-2,-16,-183
-20,-20,-166
-79,10,-129
-179,23,-17
-271,-24,278
-367,-160,511
-437,-267,511
-387,-222,511
-251,-48,511
-141,108,390
-157,65,251
-29,49,260
25,72,204
52,91,116
85,63,67
138,-9,30
174,-56,34
174,-61,59
141,-52,86
112,-46,103
93,-45,132
98,-43,161
85,-38,184
25,-39,240
-45,-43,344
-123,-86,471
-226,-149,511
-362,-214,511
-469,-236,511
-416,-167,432
-282,-101,220
-189,-69,109
-130,-44,51
-93,-30,21
-64,-10,-3
-38,6,-38
-25,17,-51
-15,17,-57
-10,16,-68
-13,12,-78
-35,1,-85
-87,-13,118
-57,5,84
-36,15,62
-27,25,33
-23,35,-21
-20,34,-75
-8,26,-129
2,16,-172
4,-1,-188
-2,-16,-183
-20,-20,-166
-79,10,-129
-179,23,-17
-271,-24,278
-367,-160,511
-437,-267,511
-387,-222,511
-251,-48,511
-141,108,390
-157,65,251
-29,49,260
25,72,204
52,91,116
85,63,67
138,-9,30
174,-56,34
174,-61,59
141,-52,86
112,-46,103
93,-45,132
98,-43,161
85,-38,184
25,-39,240
-45,-43,344
-123,-86,471
-226,-149,511
-362,-214,511
-469,-236,511
-416,-167,432
-282,-101,220
-189,-69,109
-130,-44,51
-93,-30,21
-64,-10,-3
-38,6,-38
-25,17,-51
-15,17,-57
-10,16,-68
-13,12,-78
-35,1,-85
-82,-15,-100
-125,-28,-74
-177,-26,11
-309,2,96
-439,-12,219
-501,-77,424
-481,-141,511
-366,-207,511
-228,-143,509
-156,-41,332
-115,43,252
-67,85,250
-26,62,272
2,30,293
26,29,289
41,25,234
55,28,158
73,21,90
100,15,45
122,9,14
133,-3,11
130,-24,44
128,-34,104
106,-49,189
91,-68,280
-87,-13,118
-57,5,84
-36,15,62
-27,25,33
-23,35,-21
-20,34,-75
-8,26,-129
2,16,-172
4,-1,-188
-2,-16,-183
-20,-20,-166
-79,10,-129
-179,23,-17
-271,-24,278
-367,-160,511
-437,-267,511
-387,-222,511
-251,-48,511
-141,108,390
-157,65,251
-29,49,260
25,72,204
52,91,116
85,63,67
138,-9,30
174,-56,34
174,-61,59
141,-52,86
112,-46,103
93,-45,132
98,-43,161
85,-38,184
25,-39,240
-45,-43,344
-123,-86,471
-226,-149,511
-362,-214,511
-469,-236,511
-416,-167,432
-282,-101,220
-189,-69,109
-130,-44,51
-93,-30,21
-64,-10,-3
-38,6,-38
-25,17,-51
-15,17,-57
-10,16,-68
-13,12,-78
-35,1,-85
-82,-15,-100
-125,-28,-74
-177,-26,11
-309,2,96
-439,-12,219
-501,-77,424
-481,-141,511
-366,-207,511
-228,-143,509
-156,-41,332
-115,43,252
-67,85,250
-26,62,272
2,30,293
26,29,289
41,25,234
55,28,158
73,21,90
100,15,45
122,9,14
133,-3,11
130,-24,44
128,-34,104
106,-49,189
91,-68,280
51,-98,443
-70,-135,511
-229,-167,511
-318,-161,511
-321,-142,511
-270,-120,353
-216,-53,160
-164,-26,98
-128,-34,76
-103,-23,36
-76,-17,-4
-66,-7,-7
-64,-16,-4
-48,-10,2
-41,-15,-23
-29,-3,-54
-27,7,-74
-42,0,-61
-62,-29,-23
-87,-41,34
-142,-11,38
-254,-20,50
-308,-69,208
-362,-107,407
-394,-185,482
-368,-185,511
-343,-96,511
-270,-2,511
-191,57,468
-121,81,340
-66,95,282
-51,34,230
3,-12,188
65,2,137
80,-8,75
108,-12,55
129,-15,83
133,-23,129
146,-39,137
151,-47,159
126,-44,220
85,-26,282
42,-27,337
-12,-73,468
-118,-110,511
-233,-88,511
-284,-70,511
-286,-65,486
-277,-64,355
-238,-64,253
-368,-185,511
-343,-96,511
-270,-2,511
-191,57,468
-121,81,340
-66,95,282
-51,34,230
3,-12,188
65,2,137
80,-8,75
108,-12,55
129,-15,83
133,-23,129
146,-39,137
151,-47,159
126,-44,220
85,-26,282
42,-27,337
-12,-73,468
-118,-110,511
-233,-88,511
-284,-70,511
-286,-65,486
-277,-64,355
-238,-64,253
-199,-47,190
-144,-13,143
-116,4,128
-90,1,128
-72,-20,118
-64,-41,99
-62,-48,61
-63,-35,12
-58,-6,-23
-72,7,-127
-88,5,-177
-106,-33,-159
-104,-46,-110
-155,-23,-126
-255,-19,-68
-402,-26,107
-512,-30,437
-512,-38,511
-348,-57,511
-201,-26,511
-116,46,511
-44,113,447
-6,106,393
13,76,321
45,63,259
-368,-185,511
-343,-96,511
-270,-2,511
-191,57,468
-121,81,340
-66,95,282
-51,34,230
3,-12,188
65,2,137
80,-8,75
108,-12,55
129,-15,83
133,-23,129
146,-39,137
151,-47,159
126,-44,220
85,-26,282
42,-27,337
-12,-73,468
-118,-110,511
-233,-88,511
-284,-70,511
-286,-65,486
-277,-64,355
-238,-64,253
-199,-47,190
-144,-13,143
-116,4,128
-90,1,128
-72,-20,118
-64,-41,99
-62,-48,61
-63,-35,12
-58,-6,-23
-72,7,-127
-88,5,-177
-106,-33,-159
-104,-46,-110
-155,-23,-126
-255,-19,-68
-402,-26,107
-512,-30,437
-512,-38,511
-348,-57,511
-201,-26,511
-116,46,511
-44,113,447
-6,106,393
13,76,321
45,63,259
67,46,222
83,15,192
96,-6,160
109,-7,134
113,3,124
117,17,111
116,9,106
110,-8,123
90,-33,155
61,-44,212
37,-73,254
-1,-117,331
-154,-102,474
-322,-59,511
-378,-47,511
-334,-74,511
-265,-83,455
-196,-62,309
-144,-31,226
-106,-16,196
-94,-12,182
-84,-4,150
-84,-13,96
-89,-13,28
-77,-18,-28
-368,-185,511
-343,-96,511
-270,-2,511
-191,57,468
-121,81,340
-66,95,282
-51,34,230
3,-12,188
65,2,137
80,-8,75
108,-12,55
129,-15,83
133,-23,129
146,-39,137
151,-47,159
126,-44,220
85,-26,282
42,-27,337
-12,-73,468
-118,-110,511
-233,-88,511
-284,-70,511
-286,-65,486
-277,-64,355
-238,-64,253
-199,-47,190
-144,-13,143
-116,4,128
-90,1,128
-72,-20,118
-64,-41,99
-62,-48,61
-63,-35,12
-58,-6,-23
-72,7,-127
-88,5,-177
-106,-33,-159
-104,-46,-110
-155,-23,-126
-255,-19,-68
-402,-26,107
-512,-30,437
-512,-38,511
-348,-57,511
-201,-26,511
-116,46,511
-44,113,447
-6,106,393
13,76,321
45,63,259
67,46,222
83,15,192
96,-6,160
109,-7,134
113,3,124
117,17,111
116,9,106
110,-8,123
90,-33,155
61,-44,212
37,-73,254
-1,-117,331
-154,-102,474
-322,-59,511
-378,-47,511
-334,-74,511
-265,-83,455
-196,-62,309
-144,-31,226
-106,-16,196
-94,-12,182
-84,-4,150
-84,-13,96
-89,-13,28
-77,-18,-28
-52,-13,-90
-45,1,-157
-55,3,-206
-64,-10,-212
-79,-31,-190
-82,-26,-174
-109,15,-193
-186,9,-151
-315,7,127
-479,-18,511
-486,-104,511
-360,-89,511
-239,18,511
-117,77,511
-48,120,291
-16,147,191
12,92,170
22,34,154
60,0,126
93,-4,108
106,-20,90
129,-23,84
129,-27,101
146,-42,91
157,-60,110
138,-73,157
90,-63,238
67,-54,288
35,-85,312
-54,-173,454
-303,-195,511
-470,-137,511
-492,-124,511
-439,-114,511
-348,-97,307
-253,-63,147
-171,-43,83
-135,-34,64
-107,-19,53
-88,0,45
-85,14,57
-89,23,88
-78,13,74
-60,11,38
-49,18,-5
-53,24,-36
-67,9,-39
-87,-5,-37
-108,-29,-53
-98,-9,-94
138,-73,157
90,-63,238
67,-54,288
35,-85,312
-54,-173,454
-303,-195,511
-470,-137,511
-492,-124,511
-439,-114,511
-348,-97,307
-253,-63,147
-171,-43,83
-135,-34,64
-107,-19,53
-88,0,45
-85,14,57
-89,23,88
-78,13,74
-60,11,38
-49,18,-5
-53,24,-36
-67,9,-39
-87,-5,-37
-108,-29,-53
-98,-9,-94
-135,28,-162
-154,50,-141
-232,41,0
-390,-19,467
-509,-86,511
-387,-65,511
-231,11,511
-120,88,449
-60,139,328
-37,129,256
-10,75,193
35,-3,135
68,-38,74
89,-29,43
97,-16,34
109,-16,32
126,-25,42
162,-34,50
170,-63,65
166,-84,118
145,-83,182
119,-67,269
97,-81,378
17,-188,511
-175,-295,511
138,-73,157
90,-63,238
67,-54,288
35,-85,312
-54,-173,454
-303,-195,511
-470,-137,511
-492,-124,511
-439,-114,511
-348,-97,307
-253,-63,147
-171,-43,83
-135,-34,64
-107,-19,53
-88,0,45
-85,14,57
-89,23,88
-78,13,74
-60,11,38
-49,18,-5
-53,24,-36
-67,9,-39
-87,-5,-37
-108,-29,-53
-98,-9,-94
-135,28,-162
-154,50,-141
-232,41,0
-390,-19,467
-509,-86,511
-387,-65,511
-231,11,511
-120,88,449
-60,139,328
-37,129,256
-10,75,193
35,-3,135
68,-38,74
89,-29,43
97,-16,34
109,-16,32
126,-25,42
162,-34,50
170,-63,65
166,-84,118
145,-83,182
119,-67,269
97,-81,378
17,-188,511
-175,-295,511
-359,-261,511
-457,-265,511
-435,-221,511
-338,-159,323
-235,-113,155
-170,-65,75
-120,-26,52
-106,-8,39
-86,-3,24
-78,-2,21
-84,-4,17
-84,-4,-6
-74,11,-46
-65,34,-82
-65,44,-117
-75,27,-124
-94,-4,-110
-89,-18,-101
-136,11,-141
-190,24,-127
-268,25,28
-458,13,468
-512,-52,511
-458,-74,511
-279,-18,511
138,-73,157
90,-63,238
67,-54,288
35,-85,312
-54,-173,454
-303,-195,511
-470,-137,511
-492,-124,511
-439,-114,511
-348,-97,307
-253,-63,147
-171,-43,83
-135,-34,64
-107,-19,53
-88,0,45
-85,14,57
-89,23,88
-78,13,74
-60,11,38
-49,18,-5
-53,24,-36
-67,9,-39
-87,-5,-37
-108,-29,-53
-98,-9,-94
-135,28,-162
-154,50,-141
-232,41,0
-390,-19,467
-509,-86,511
-387,-65,511
-231,11,511
-120,88,449
-60,139,328
-37,129,256
-10,75,193
35,-3,135
68,-38,74
89,-29,43
97,-16,34
109,-16,32
126,-25,42
162,-34,50
170,-63,65
166,-84,118
145,-83,182
119,-67,269
97,-81,378
17,-188,511
-175,-295,511
-359,-261,511
-457,-265,511
-435,-221,511
-338,-159,323
-235,-113,155
-170,-65,75
-120,-26,52
-106,-8,39
-86,-3,24
-78,-2,21
-84,-4,17
-84,-4,-6
-74,11,-46
-65,34,-82
-65,44,-117
-75,27,-124
-94,-4,-110
-89,-18,-101
-136,11,-141
-190,24,-127
-268,25,28
-458,13,468
-512,-52,511
-458,-74,511
-279,-18,511
-127,58,445
-63,111,223
-35,80,195
16,28,200
37,-9,175
46,-20,150
61,-23,129
80,-27,115
110,-31,117
121,-63,103
148,-62,94
160,-47,82
151,-46,74
116,-59,97
112,-60,136
98,-48,193
95,-51,250
-11,-106,443
-192,-201,511
-390,-204,511
-456,-195,511
-397,-169,511
-289,-158,333
-209,-119,122
-149,-80,41
-124,-60,24
-94,-46,17
-86,-37,12
-81,-23,36
-87,-14,56
-80,-13,56
-57,-2,23
-40,15,-21
-41,34,-67
-53,36,-105
-60,18,-119
-44,-1,-122
-57,22,-169
-132,49,-194
-209,43,-107
-364,42,207
-512,4,511
-512,-47,511
-450,-35,511
-298,36,511
-165,63,466
-90,76,290
-48,72,232
20,73,218
33,63,204
-124,-60,24
-94,-46,17
-86,-37,12
-81,-23,36
-87,-14,56
-80,-13,56
-57,-2,23
-40,15,-21
-41,34,-67
-53,36,-105
-60,18,-119
-44,-1,-122
-57,22,-169
-132,49,-194
-209,43,-107
-364,42,207
-512,4,511
-512,-47,511
-450,-35,511
-298,36,511
-165,63,466
-90,76,290
-48,72,232
20,73,218
33,63,204
58,77,194
47,37,160
73,19,136
96,6,138
100,-2,148
97,-7,149
105,-18,144
111,-51,163
111,-107,182
116,-117,205
120,-107,263
83,-149,383
-102,-216,511
-227,-267,511
-268,-337,511
-293,-345,511
-282,-288,369
-259,-260,146
-230,-228,6
-229,-188,-22
-210,-149,-17
-202,-87,-1
-161,-41,10
-122,-5,9
-89,25,-9
-124,-60,24
-94,-46,17
-86,-37,12
-81,-23,36
-87,-14,56
-80,-13,56
-57,-2,23
-40,15,-21
-41,34,-67
-53,36,-105
-60,18,-119
-44,-1,-122
-57,22,-169
-132,49,-194
-209,43,-107
-364,42,207
-512,4,511
-512,-47,511
-450,-35,511
-298,36,511
-165,63,466
-90,76,290
-48,72,232
20,73,218
33,63,204
58,77,194
47,37,160
73,19,136
96,6,138
100,-2,148
97,-7,149
105,-18,144
111,-51,163
111,-107,182
116,-117,205
120,-107,263
83,-149,383
-102,-216,511
-227,-267,511
-268,-337,511
-293,-345,511
-282,-288,369
-259,-260,146
-230,-228,6
-229,-188,-22
-210,-149,-17
-202,-87,-1
-161,-41,10
-122,-5,9
-89,25,-9
-57,47,-30
-33,48,-31
-24,45,-37
8,29,-23
50,9,14
23,-37,26
-42,-53,-2
-200,-17,6
-355,4,107
-466,-19,316
-512,-173,449
-512,-250,511
-512,-168,511
-456,-65,394
-329,-12,257
-259,59,175
-303,14,168
-189,53,274
-161,84,358
-108,101,335
-23,87,277
76,59,229
138,13,200
170,-20,178
181,-46,155
-124,-60,24
-94,-46,17
-86,-37,12
-81,-23,36
-87,-14,56
-80,-13,56
-57,-2,23
-40,15,-21
-41,34,-67
-53,36,-105
-60,18,-119
-44,-1,-122
-57,22,-169
-132,49,-194
-209,43,-107
-364,42,207
-512,4,511
-512,-47,511
-450,-35,511
-298,36,511
-165,63,466
-90,76,290
-48,72,232
20,73,218
33,63,204
58,77,194
47,37,160
73,19,136
96,6,138
100,-2,148
97,-7,149
105,-18,144
111,-51,163
111,-107,182
116,-117,205
120,-107,263
83,-149,383
-102,-216,511
-227,-267,511
-268,-337,511
-293,-345,511
-282,-288,369
-259,-260,146
-230,-228,6
-229,-188,-22
-210,-149,-17
-202,-87,-1
-161,-41,10
-122,-5,9
-89,25,-9
-57,47,-30
-33,48,-31
-24,45,-37
8,29,-23
50,9,14
23,-37,26
-42,-53,-2
-200,-17,6
-355,4,107
-466,-19,316
-512,-173,449
-512,-250,511
-512,-168,511
-456,-65,394
-329,-12,257
-259,59,175
-303,14,168
-189,53,274
-161,84,358
-108,101,335
-23,87,277
76,59,229
138,13,200
170,-20,178
181,-46,155
177,-47,133
169,-51,121
161,-70,113
136,-97,130
77,-115,200
37,-130,284
-34,-142,333
-142,-160,409
-256,-188,511
-340,-205,511
-402,-240,511
-374,-217,471
-280,-158,201
-202,-117,88
-127,-107,47
-97,-100,24
-83,-85,-7
-71,-28,-40
-74,0,-47
-63,0,-56
-58,-51,-61
-53,-88,-74
-53,-57,-112
-65,5,-157
-93,41,-191
-110,45,-186
-170,43,-162
-286,20,11
-431,-34,303
-512,-186,511
-487,-321,511
-443,-326,511
-356,-197,511
-273,-47,402
-212,30,246
-152,21,226
-89,19,228
-59,27,186
-6,67,152
85,75,119
94,7,72
112,-34,63
123,-47,57
154,-55,51
153,-61,44
129,-34,51
50,-28,109
-34,-13,219
-141,-7,320
-235,-78,434
-110,45,-186
-170,43,-162
-286,20,11
-431,-34,303
-512,-186,511
-487,-321,511
-443,-326,511
-356,-197,511
-273,-47,402
-212,30,246
-152,21,226
-89,19,228
-59,27,186
-6,67,152
85,75,119
94,7,72
112,-34,63
123,-47,57
154,-55,51
153,-61,44
129,-34,51
50,-28,109
-34,-13,219
-141,-7,320
-235,-78,434
-325,-163,511
-420,-230,511
-441,-295,511
-348,-285,431
-235,-241,239
-158,-165,118
-125,-93,65
-87,-77,32
-78,-111,7
-34,-80,0
-60,-50,13
-70,2,43
-65,51,36
-64,85,-1
-66,91,-42
-77,81,-70
-102,60,-88
-132,10,-69
-168,-28,-22
-225,-8,13
-315,-19,-7
-402,-121,124
-442,-229,327
-469,-276,506
-440,-225,511
-110,45,-186
-170,43,-162
-286,20,11
-431,-34,303
-512,-186,511
-487,-321,511
-443,-326,511
-356,-197,511
-273,-47,402
-212,30,246
-152,21,226
-89,19,228
-59,27,186
-6,67,152
85,75,119
94,7,72
112,-34,63
123,-47,57
154,-55,51
153,-61,44
129,-34,51
50,-28,109
-34,-13,219
-141,-7,320
-235,-78,434
-325,-163,511
-420,-230,511
-441,-295,511
-348,-285,431
-235,-241,239
-158,-165,118
-125,-93,65
-87,-77,32
-78,-111,7
-34,-80,0
-60,-50,13
-70,2,43
-65,51,36
-64,85,-1
-66,91,-42
-77,81,-70
-102,60,-88
-132,10,-69
-168,-28,-22
-225,-8,13
-315,-19,-7
-402,-121,124
-442,-229,327
-469,-276,506
-440,-225,511
-353,-103,511
-272,-27,479
-167,16,408
-87,46,338
-28,50,255
25,48,190
60,44,145
77,37,117
92,25,101
108,17,91
119,2,104
124,-11,142
133,-24,181
143,-55,198
137,-91,201
101,-107,215
2,-98,313
-66,-107,440
-169,-163,511
-353,-150,511
-495,-98,511
-512,-90,511
-405,-114,485
-260,-118,252
-159,-95,130
-110,45,-186
-170,43,-162
-286,20,11
-431,-34,303
-512,-186,511
-487,-321,511
-443,-326,511
-356,-197,511
-273,-47,402
-212,30,246
-152,21,226
-89,19,228
-59,27,186
-6,67,152
85,75,119
94,7,72
112,-34,63
123,-47,57
154,-55,51
153,-61,44
129,-34,51
50,-28,109
-34,-13,219
-141,-7,320
-235,-78,434
-325,-163,511
-420,-230,511
-441,-295,511
-348,-285,431
-235,-241,239
-158,-165,118
-125,-93,65
-87,-77,32
-78,-111,7
-34,-80,0
-60,-50,13
-70,2,43
-65,51,36
-64,85,-1
-66,91,-42
-77,81,-70
-102,60,-88
-132,10,-69
-168,-28,-22
-225,-8,13
-315,-19,-7
-402,-121,124
-442,-229,327
-469,-276,506
-440,-225,511
-353,-103,511
-272,-27,479
-167,16,408
-87,46,338
-28,50,255
25,48,190
60,44,145
77,37,117
92,25,101
108,17,91
119,2,104
124,-11,142
133,-24,181
143,-55,198
137,-91,201
101,-107,215
2,-98,313
-66,-107,440
-169,-163,511
-353,-150,511
-495,-98,511
-512,-90,511
-405,-114,485
-260,-118,252
-159,-95,130
-95,-55,64
-70,-29,31
-58,-17,9
-65,-28,-9
-73,-26,-31
-63,-2,-79
-62,31,-140
-64,50,-173
-82,57,-190
-107,43,-197
-151,24,-201
-216,34,-194
-232,117,-133
-231,129,-27
-324,-36,348
-379,-337,511
-321,-412,511
-200,-191,511
-121,-23,511
-62,55,493
-6,66,367
9,33,288
60,28,235
120,29,181
140,29,132
140,27,116
139,-7,115
153,-45,95
168,-71,59
184,-70,8
165,-47,-36
125,-40,-14
57,-49,96
-1,-47,296
-69,-28,511
-162,-79,511
-265,-127,511
-358,-128,511
-474,-168,511
-477,-151,511
-407,-100,384
-271,-75,181
-156,-26,18
-115,-6,-70
-55,17,-119
-14,12,-115
-12,0,-99
-15,3,-71
-21,19,-58
-12,48,-66
140,27,116
139,-7,115
153,-45,95
168,-71,59
184,-70,8
165,-47,-36
125,-40,-14
57,-49,96
-1,-47,296
-69,-28,511
-162,-79,511
-265,-127,511
-358,-128,511
-474,-168,511
-477,-151,511
-407,-100,384
-271,-75,181
-156,-26,18
-115,-6,-70
-55,17,-119
-14,12,-115
-12,0,-99
-15,3,-71
-21,19,-58
-12,48,-66
-12,66,-93
-25,64,-117
-39,36,-133
-34,11,-151
-60,24,-188
-158,42,-105
-310,41,275
-508,-27,511
-488,-171,511
-285,-147,511
-167,-3,511
-44,109,201
32,56,111
105,-5,75
139,-36,31
108,-59,36
48,-92,48
19,-66,95
31,-17,127
53,23,122
86,8,92
123,-37,62
147,-75,74
139,-83,158
106,-48,278
140,27,116
139,-7,115
153,-45,95
168,-71,59
184,-70,8
165,-47,-36
125,-40,-14
57,-49,96
-1,-47,296
-69,-28,511
-162,-79,511
-265,-127,511
-358,-128,511
-474,-168,511
-477,-151,511
-407,-100,384
-271,-75,181
-156,-26,18
-115,-6,-70
-55,17,-119
-14,12,-115
-12,0,-99
-15,3,-71
-21,19,-58
-12,48,-66
-12,66,-93
-25,64,-117
-39,36,-133
-34,11,-151
-60,24,-188
-158,42,-105
-310,41,275
-508,-27,511
-488,-171,511
-285,-147,511
-167,-3,511
-44,109,201
32,56,111
105,-5,75
139,-36,31
108,-59,36
48,-92,48
19,-66,95
31,-17,127
53,23,122
86,8,92
123,-37,62
147,-75,74
139,-83,158
106,-48,278
76,-9,335
57,-4,403
70,-99,511
-32,-174,511
-155,-175,511
-216,-181,511
-260,-170,511
-250,-129,471
-198,-71,232
-131,-30,77
-111,-18,16
-89,-20,-32
-81,-16,-34
-74,-15,-33
-67,-9,-31
-77,0,-40
-79,6,-43
-90,5,-47
-106,22,-54
-129,51,-46
-116,47,-80
-88,24,-116
-68,25,-150
-89,4,-145
-153,-18,47
140,27,116
139,-7,115
153,-45,95
168,-71,59
184,-70,8
165,-47,-36
125,-40,-14
57,-49,96
-1,-47,296
-69,-28,511
-162,-79,511
-265,-127,511
-358,-128,511
-474,-168,511
-477,-151,511
-407,-100,384
-271,-75,181
-156,-26,18
-115,-6,-70
-55,17,-119
-14,12,-115
-12,0,-99
-15,3,-71
-21,19,-58
-12,48,-66
-12,66,-93
-25,64,-117
-39,36,-133
-34,11,-151
-60,24,-188
-158,42,-105
-310,41,275
-508,-27,511
-488,-171,511
-285,-147,511
-167,-3,511
-44,109,201
32,56,111
105,-5,75
139,-36,31
108,-59,36
48,-92,48
19,-66,95
31,-17,127
53,23,122
86,8,92
123,-37,62
147,-75,74
139,-83,158
106,-48,278
76,-9,335
57,-4,403
70,-99,511
-32,-174,511
-155,-175,511
-216,-181,511
-260,-170,511
-250,-129,471
-198,-71,232
-131,-30,77
-111,-18,16
-89,-20,-32
-81,-16,-34
-74,-15,-33
-67,-9,-31
-77,0,-40
-79,6,-43
-90,5,-47
-106,22,-54
-129,51,-46
-116,47,-80
-88,24,-116
-68,25,-150
-89,4,-145
-153,-18,47
-298,21,511
-414,-20,511
-292,-94,511
-187,-51,511
-137,80,497
-79,114,322
34,131,264
41,80,224
37,53,170
75,71,131
74,83,149
74,82,209
104,50,223
133,-8,173
137,-53,108
129,-39,68
88,0,39
43,17,14
18,18,66
-20,21,188
-93,15,352
-215,12,494
-374,53,511
-452,65,511
-403,-28,511
-276,-101,480
-168,-106,262
-120,-62,150
-88,-67,125
-71,-72,114
-67,-43,101
-62,-14,77
-55,-13,33
-49,-14,-21
-50,-15,-72
-33,-7,-120
-36,-1,-163
-64,0,-188
-94,-15,-174
-79,-5,-168
-125,11,-214
-205,23,-162
-298,24,112
-429,-5,511
-489,-14,511
-378,46,511
-176,94,511
-137,78,393
12,128,193
48,113,136
-276,-101,480
-168,-106,262
-120,-62,150
-88,-67,125
-71,-72,114
-67,-43,101
-62,-14,77
-55,-13,33
-49,-14,-21
-50,-15,-72
-33,-7,-120
-36,-1,-163
-64,0,-188
-94,-15,-174
-79,-5,-168
-125,11,-214
-205,23,-162
-298,24,112
-429,-5,511
-489,-14,511
-378,46,511
-176,94,511
-137,78,393
12,128,193
48,113,136
14,18,78
62,-3,57
78,-9,56
84,1,48
89,1,42
118,-14,53
156,-46,97
154,-137,142
176,-139,252
144,-83,318
77,-35,280
14,-5,252
-49,-8,299
-90,-95,461
-219,-136,511
-319,-170,511
-355,-182,511
-343,-172,504
-238,-126,317
-144,-73,183
-90,-33,117
-76,0,88
-64,18,57
-64,24,47
-73,11,42
-276,-101,480
-168,-106,262
-120,-62,150
-88,-67,125
-71,-72,114
-67,-43,101
-62,-14,77
-55,-13,33
-49,-14,-21
-50,-15,-72
-33,-7,-120
-36,-1,-163
-64,0,-188
-94,-15,-174
-79,-5,-168
-125,11,-214
-205,23,-162
-298,24,112
-429,-5,511
-489,-14,511
-378,46,511
-176,94,511
-137,78,393
12,128,193
48,113,136
14,18,78
62,-3,57
78,-9,56
84,1,48
89,1,42
118,-14,53
156,-46,97
154,-137,142
176,-139,252
144,-83,318
77,-35,280
14,-5,252
-49,-8,299
-90,-95,461
-219,-136,511
-319,-170,511
-355,-182,511
-343,-172,504
-238,-126,317
-144,-73,183
-90,-33,117
-76,0,88
-64,18,57
-64,24,47
-73,11,42
-92,-7,42
-117,-33,69
-115,-36,33
-62,-10,-69
-11,-5,-192
-13,-6,-238
-49,9,-230
-83,37,-187
-34,95,-151
-68,107,-137
-179,45,3
-302,-68,393
-383,-230,511
-379,-232,511
-242,-61,511
-137,74,511
-60,176,450
-108,88,310
46,48,198
65,7,102
101,11,117
117,27,-1
98,25,59
67,31,155
79,70,178
-276,-101,480
-168,-106,262
-120,-62,150
-88,-67,125
-71,-72,114
-67,-43,101
-62,-14,77
-55,-13,33
-49,-14,-21
-50,-15,-72
-33,-7,-120
-36,-1,-163
-64,0,-188
-94,-15,-174
-79,-5,-168
-125,11,-214
-205,23,-162
-298,24,112
-429,-5,511
-489,-14,511
-378,46,511
-176,94,511
-137,78,393
12,128,193
48,113,136
14,18,78
62,-3,57
78,-9,56
84,1,48
89,1,42
118,-14,53
156,-46,97
154,-137,142
176,-139,252
144,-83,318
77,-35,280
14,-5,252
-49,-8,299
-90,-95,461
-219,-136,511
-319,-170,511
-355,-182,511
-343,-172,504
-238,-126,317
-144,-73,183
-90,-33,117
-76,0,88
-64,18,57
-64,24,47
-73,11,42
-92,-7,42
-117,-33,69
-115,-36,33
-62,-10,-69
-11,-5,-192
-13,-6,-238
-49,9,-230
-83,37,-187
-34,95,-151
-68,107,-137
-179,45,3
-302,-68,393
-383,-230,511
-379,-232,511
-242,-61,511
-137,74,511
-60,176,450
-108,88,310
46,48,198
65,7,102
101,11,117
117,27,-1
98,25,59
67,31,155
79,70,178
113,76,150
125,40,124
132,-16,115
110,-61,112
89,-86,124
78,-89,162
33,-101,266
-113,-95,511
-232,-85,511
-279,-98,511
-293,-123,511
-269,-101,511
-196,-73,330
-126,-70,229
-75,-56,167
-60,-42,119
-55,-27,69
-58,-15,32
-68,-6,25
-85,3,-8
-100,5,-74
-110,4,-145
-106,5,-172
-102,0,-180
-97,-4,-176
-104,-16,-150
-100,-13,-92
-151,17,-52
-253,28,176
-357,19,511
-392,-74,511
-310,-122,511
-218,-85,511
-160,-5,509
-75,-6,335
-7,35,334
7,66,293
-2,49,241
57,65,204
69,59,129
79,60,68
97,55,-5
102,29,-59
112,25,-64
119,33,-43
110,34,-9
108,38,40
88,22,136
80,11,248
114,-5,385
-104,-16,-150
-100,-13,-92
-151,17,-52
-253,28,176
-357,19,511
-392,-74,511
-310,-122,511
-218,-85,511
-160,-5,509
-75,-6,335
-7,35,334
7,66,293
-2,49,241
57,65,204
69,59,129
79,60,68
97,55,-5
102,29,-59
112,25,-64
119,33,-43
110,34,-9
108,38,40
88,22,136
80,11,248
114,-5,385
178,-120,505
96,-270,511
-177,-313,511
-360,-261,511
-425,-206,511
-359,-170,383
-286,-119,147
-244,-25,85
-192,51,125
-167,65,167
-150,57,142
-156,82,96
-139,120,25
-109,124,-36
-78,81,-66
-66,30,-88
-57,19,-127
-58,14,-199
-58,0,-221
-58,-37,-207
-90,-32,-205
-186,-8,-54
-306,-55,326
-391,-196,511
-371,-322,511
-104,-16,-150
-100,-13,-92
-151,17,-52
-253,28,176
-357,19,511
-392,-74,511
-310,-122,511
-218,-85,511
-160,-5,509
-75,-6,335
-7,35,334
7,66,293
-2,49,241
57,65,204
69,59,129
79,60,68
97,55,-5
102,29,-59
112,25,-64
119,33,-43
110,34,-9
108,38,40
88,22,136
80,11,248
114,-5,385
178,-120,505
96,-270,511
-177,-313,511
-360,-261,511
-425,-206,511
-359,-170,383
-286,-119,147
-244,-25,85
-192,51,125
-167,65,167
-150,57,142
-156,82,96
-139,120,25
-109,124,-36
-78,81,-66
-66,30,-88
-57,19,-127
-58,14,-199
-58,0,-221
-58,-37,-207
-90,-32,-205
-186,-8,-54
-306,-55,326
-391,-196,511
-371,-322,511
-334,-223,511
-283,14,511
-179,169,511
-115,122,375
-37,-10,301
8,-34,247
49,-1,176
71,15,137
65,14,143
63,17,182
89,1,152
137,-10,103
163,-20,52
161,-27,47
136,-35,83
103,-33,167
76,-37,235
5,-67,360
-98,-129,511
-257,-125,511
-325,-91,511
-314,-110,511
-289,-144,505
-248,-131,285
-176,-74,133
-104,-16,-150
-100,-13,-92
-151,17,-52
-253,28,176
-357,19,511
-392,-74,511
-310,-122,511
-218,-85,511
-160,-5,509
-75,-6,335
-7,35,334
7,66,293
-2,49,241
57,65,204
69,59,129
79,60,68
97,55,-5
102,29,-59
112,25,-64
119,33,-43
110,34,-9
108,38,40
88,22,136
80,11,248
114,-5,385
178,-120,505
96,-270,511
-177,-313,511
-360,-261,511
-425,-206,511
-359,-170,383
-286,-119,147
-244,-25,85
-192,51,125
-167,65,167
-150,57,142
-156,82,96
-139,120,25
-109,124,-36
-78,81,-66
-66,30,-88
-57,19,-127
-58,14,-199
-58,0,-221
-58,-37,-207
-90,-32,-205
-186,-8,-54
-306,-55,326
-391,-196,511
-371,-322,511
-334,-223,511
-283,14,511
-179,169,511
-115,122,375
-37,-10,301
8,-34,247
49,-1,176
71,15,137
65,14,143
63,17,182
89,1,152
137,-10,103
163,-20,52
161,-27,47
136,-35,83
103,-33,167
76,-37,235
5,-67,360
-98,-129,511
-257,-125,511
-325,-91,511
-314,-110,511
-289,-144,505
-248,-131,285
-176,-74,133
-116,-27,67
-87,-1,18
-66,9,-10
-40,7,-21
-36,-15,-23
-44,-44,-21
-53,-50,-17
-61,-22,-33
-70,12,-44
-90,19,-66
-118,11,-92
-134,13,-121
-174,7,-149
-229,-13,-88
-313,-52,47
-424,-119,185
-505,-151,283
-512,-50,511
-512,76,511
-439,118,511
-298,96,376
-207,48,340
-133,-17,302
-113,-43,270
-52,-35,227
-7,-17,178
16,-9,117
31,-10,63
66,-13,27
91,8,43
98,28,72
81,7,95
56,-3,140
12,-21,207
-49,-45,266
-106,-65,401
-200,-93,511
-331,-73,511
-403,-59,511
-405,-72,511
-337,-101,471
-279,-95,278
-206,-59,190
-145,-29,181
-114,-36,151
-92,-28,83
-76,-29,9
-51,-38,-63
-34,-53,-128
-20,-61,-184
-7,-17,178
16,-9,117
31,-10,63
66,-13,27
91,8,43
98,28,72
81,7,95
56,-3,140
12,-21,207
-49,-45,266
-106,-65,401
-200,-93,511
-331,-73,511
-403,-59,511
-405,-72,511
-337,-101,471
-279,-95,278
-206,-59,190
-145,-29,181
-114,-36,151
-92,-28,83
-76,-29,9
-51,-38,-63
-34,-53,-128
-20,-61,-184
-14,-46,-214
-15,-28,-245
-34,-20,-268
-62,-33,-252
-65,-45,-194
-70,-30,-175
-148,-4,-168
-266,32,28
-428,23,472
-506,-49,511
-390,-92,511
-255,-57,511
-217,55,511
-179,164,511
-136,198,326
-111,144,204
-15,110,142
-2,39,98
22,35,69
64,-16,63
88,-13,49
115,-20,49
154,-5,54
146,-15,30
125,-20,41
-7,-17,178
16,-9,117
31,-10,63
66,-13,27
91,8,43
98,28,72
81,7,95
56,-3,140
12,-21,207
-49,-45,266
-106,-65,401
-200,-93,511
-331,-73,511
-403,-59,511
-405,-72,511
-337,-101,471
-279,-95,278
-206,-59,190
-145,-29,181
-114,-36,151
-92,-28,83
-76,-29,9
-51,-38,-63
-34,-53,-128
-20,-61,-184
-14,-46,-214
-15,-28,-245
-34,-20,-268
-62,-33,-252
-65,-45,-194
-70,-30,-175
-148,-4,-168
-266,32,28
-428,23,472
-506,-49,511
-390,-92,511
-255,-57,511
-217,55,511
-179,164,511
-136,198,326
-111,144,204
-15,110,142
-2,39,98
22,35,69
64,-16,63
88,-13,49
115,-20,49
154,-5,54
146,-15,30
125,-20,41
120,-23,66
100,-38,136
46,-53,241
-29,-38,333
-110,-38,488
-230,-41,511
-309,-58,511
-365,-117,511
-372,-101,511
-298,-49,375
-188,-18,230
-134,-13,147
-77,3,100
-43,-7,58
-32,-18,8
-29,-30,-28
-42,-38,-17
-80,-41,-2
-82,-5,16
-66,21,-51
-68,37,-103
-78,34,-117
-89,17,-101
-72,2,-97
-100,6,-171
-7,-17,178
16,-9,117
31,-10,63
66,-13,27
91,8,43
98,28,72
81,7,95
56,-3,140
12,-21,207
-49,-45,266
-106,-65,401
-200,-93,511
-331,-73,511
-403,-59,511
-405,-72,511
-337,-101,471
-279,-95,278
-206,-59,190
-145,-29,181
-114,-36,151
-92,-28,83
-76,-29,9
-51,-38,-63
-34,-53,-128
-20,-61,-184
-14,-46,-214
-15,-28,-245
-34,-20,-268
-62,-33,-252
-65,-45,-194
-70,-30,-175
-148,-4,-168
-266,32,28
-428,23,472
-506,-49,511
-390,-92,511
-255,-57,511
-217,55,511
-179,164,511
-136,198,326
-111,144,204
-15,110,142
-2,39,98
22,35,69
64,-16,63
88,-13,49
115,-20,49
154,-5,54
146,-15,30
125,-20,41
120,-23,66
100,-38,136
46,-53,241
-29,-38,333
-110,-38,488
-230,-41,511
-309,-58,511
-365,-117,511
-372,-101,511
-298,-49,375
-188,-18,230
-134,-13,147
-77,3,100
-43,-7,58
-32,-18,8
-29,-30,-28
-42,-38,-17
-80,-41,-2
-82,-5,16
-66,21,-51
-68,37,-103
-78,34,-117
-89,17,-101
-72,2,-97
-100,6,-171
-166,13,-188
-235,-6,52
-354,29,511
-385,97,511
-313,177,511
-199,131,511
-66,37,511
6,28,333
11,77,170
58,80,78
81,37,46
42,-24,41
20,-29,59
18,-23,83
34,-17,104
68,-35,104
106,-46,92
132,-48,70
134,-42,50
120,-24,65
82,-37,99
69,-23,157
48,13,254
3,51,358
-30,65,445
-215,22,511
-475,26,511
-512,32,511
-477,15,511
-301,-59,380
-190,-112,205
-105,-105,119
-88,-63,53
-80,-51,-5
-95,-55,-26
-123,-55,-47
-103,-13,-101
-83,45,-193
-100,91,-268
-129,109,-301
-124,82,-268
-116,14,-183
-89,-63,-99
-54,-85,-67
-71,-99,-16
-141,-97,172
-222,-102,511
-272,-156,511
-227,-102,511
-150,50,511
-215,22,511
-475,26,511
-512,32,511
-477,15,511
-301,-59,380
-190,-112,205
-105,-105,119
-88,-63,53
-80,-51,-5
-95,-55,-26
-123,-55,-47
-103,-13,-101
-83,45,-193
-100,91,-268
-129,109,-301
-124,82,-268
-116,14,-183
-89,-63,-99
-54,-85,-67
-71,-99,-16
-141,-97,172
-222,-102,511
-272,-156,511
-227,-102,511
-150,50,511
-81,172,511
-21,191,345
36,142,291
14,54,248
87,53,192
46,-12,110
72,-21,65
72,-18,79
84,-29,75
94,-37,81
119,-37,79
113,-53,59
118,-47,50
110,-48,57
107,-55,71
108,-67,117
140,-66,183
160,-65,328
17,-96,511
-260,-132,511
-512,-46,511
-512,-6,511
-409,-15,511
-259,-95,225
-153,-97,81
-215,22,511
-475,26,511
-512,32,511
-477,15,511
-301,-59,380
-190,-112,205
-105,-105,119
-88,-63,53
-80,-51,-5
-95,-55,-26
-123,-55,-47
-103,-13,-101
-83,45,-193
-100,91,-268
-129,109,-301
-124,82,-268
-116,14,-183
-89,-63,-99
-54,-85,-67
-71,-99,-16
-141,-97,172
-222,-102,511
-272,-156,511
-227,-102,511
-150,50,511
-81,172,511
-21,191,345
36,142,291
14,54,248
87,53,192
46,-12,110
72,-21,65
72,-18,79
84,-29,75
94,-37,81
119,-37,79
113,-53,59
118,-47,50
110,-48,57
107,-55,71
108,-67,117
140,-66,183
160,-65,328
17,-96,511
-260,-132,511
-512,-46,511
-512,-6,511
-409,-15,511
-259,-95,225
-153,-97,81
-135,-83,12
-107,-42,-24
-91,-35,-50
-95,-42,-47
-94,-40,-43
-94,-31,-46
-89,-10,-66
-82,20,-88
-79,56,-123
-67,76,-139
-59,57,-121
-53,10,-85
-55,-25,-57
-38,-24,-57
-53,24,-95
-149,37,-81
-303,3,199
-486,-57,511
-512,-192,511
-485,-228,511
-337,-48,511
-222,81,422
-105,101,287
-41,82,289
-27,33,274
-215,22,511
-475,26,511
-512,32,511
-477,15,511
-301,-59,380
-190,-112,205
-105,-105,119
-88,-63,53
-80,-51,-5
-95,-55,-26
-123,-55,-47
-103,-13,-101
-83,45,-193
-100,91,-268
-129,109,-301
-124,82,-268
-116,14,-183
-89,-63,-99
-54,-85,-67
-71,-99,-16
-141,-97,172
-222,-102,511
-272,-156,511
-227,-102,511
-150,50,511
-81,172,511
-21,191,345
36,142,291
14,54,248
87,53,192
46,-12,110
72,-21,65
72,-18,79
84,-29,75
94,-37,81
119,-37,79
113,-53,59
118,-47,50
110,-48,57
107,-55,71
108,-67,117
140,-66,183
160,-65,328
17,-96,511
-260,-132,511
-512,-46,511
-512,-6,511
-409,-15,511
-259,-95,225
-153,-97,81
-135,-83,12
-107,-42,-24
-91,-35,-50
-95,-42,-47
-94,-40,-43
-94,-31,-46
-89,-10,-66
-82,20,-88
-79,56,-123
-67,76,-139
-59,57,-121
-53,10,-85
-55,-25,-57
-38,-24,-57
-53,24,-95
-149,37,-81
-303,3,199
-486,-57,511
-512,-192,511
-485,-228,511
-337,-48,511
-222,81,422
-105,101,287
-41,82,289
-27,33,274
25,10,232
82,39,227
111,32,169
81,3,133
102,-3,112
94,-25,107
110,-32,117
120,-36,114
122,-26,97
109,-20,70
107,-28,74
107,-38,132
121,-44,207
97,-73,317
-77,-136,511
-244,-145,511
-361,-156,511
-388,-159,511
-330,-121,473
-257,-127,222
-170,-115,87
-125,-83,20
-106,-56,-18
-90,-33,-32
-78,-7,-10
-78,4,25
-82,4,45
-86,0,46
-81,2,42
-84,18,14
-81,34,-13
-68,42,-16
-65,19,-14
-78,-10,-14
-104,6,-2
-145,26,-7
-185,20,97
-240,12,311
-316,-35,439
-374,-89,511
-371,-65,511
-274,53,511
-151,56,511
-48,-1,442
1,-21,268
13,50,151
18,171,59
44,232,24
47,193,5
64,124,6
-78,4,25
-82,4,45
-86,0,46
-81,2,42
-84,18,14
-81,34,-13
-68,42,-16
-65,19,-14
-78,-10,-14
-104,6,-2
-145,26,-7
-185,20,97
-240,12,311
-316,-35,439
-374,-89,511
-371,-65,511
-274,53,511
-151,56,511
-48,-1,442
1,-21,268
13,50,151
18,171,59
44,232,24
47,193,5
64,124,6
98,53,4
127,3,18
151,-40,53
155,-106,90
151,-160,159
122,-175,251
50,-146,387
-38,-144,508
-175,-175,511
-298,-167,511
-342,-164,511
-361,-201,511
-386,-218,511
-370,-182,369
-320,-151,285
-257,-135,215
-201,-116,152
-144,-86,93
-107,-54,43
-81,-29,23
-64,-8,0
-43,1,-24
-25,-1,-40
-9,-1,-53
-8,2,-73
-78,4,25
-82,4,45
-86,0,46
-81,2,42
-84,18,14
-81,34,-13
-68,42,-16
-65,19,-14
-78,-10,-14
-104,6,-2
-145,26,-7
-185,20,97
-240,12,311
-316,-35,439
-374,-89,511
-371,-65,511
-274,53,511
-151,56,511
-48,-1,442
1,-21,268
13,50,151
18,171,59
44,232,24
47,193,5
64,124,6
98,53,4
127,3,18
151,-40,53
155,-106,90
151,-160,159
122,-175,251
50,-146,387
-38,-144,508
-175,-175,511
-298,-167,511
-342,-164,511
-361,-201,511
-386,-218,511
-370,-182,369
-320,-151,285
-257,-135,215
-201,-116,152
-144,-86,93
-107,-54,43
-81,-29,23
-64,-8,0
-43,1,-24
-25,-1,-40
-9,-1,-53
-8,2,-73
-5,13,-103
-13,19,-130
-31,11,-147
-37,3,-143
-40,15,-167
-88,15,-167
-163,25,-46
-302,3,198
-427,-55,409
-495,-120,511
-447,-124,511
-333,-33,511
-205,61,511
-129,107,401
-90,112,338
-44,82,288
-32,57,192
18,49,105
57,29,66
87,45,51
68,10,38
70,-3,56
78,-5,76
89,-7,98
82,-36,118
-78,4,25
-82,4,45
-86,0,46
-81,2,42
-84,18,14
-81,34,-13
-68,42,-16
-65,19,-14
-78,-10,-14
-104,6,-2
-145,26,-7
-185,20,97
-240,12,311
-316,-35,439
-374,-89,511
-371,-65,511
-274,53,511
-151,56,511
-48,-1,442
1,-21,268
13,50,151
18,171,59
44,232,24
47,193,5
64,124,6
98,53,4
127,3,18
151,-40,53
155,-106,90
151,-160,159
122,-175,251
50,-146,387
-38,-144,508
-175,-175,511
-298,-167,511
-342,-164,511
-361,-201,511
-386,-218,511
-370,-182,369
-320,-151,285
-257,-135,215
-201,-116,152
-144,-86,93
-107,-54,43
-81,-29,23
-64,-8,0
-43,1,-24
-25,-1,-40
-9,-1,-53
-8,2,-73
-5,13,-103
-13,19,-130
-31,11,-147
-37,3,-143
-40,15,-167
-88,15,-167
-163,25,-46
-302,3,198
-427,-55,409
-495,-120,511
-447,-124,511
-333,-33,511
-205,61,511
-129,107,401
-90,112,338
-44,82,288
-32,57,192
18,49,105
57,29,66
87,45,51
68,10,38
70,-3,56
78,-5,76
89,-7,98
82,-36,118
63,-43,180
30,-40,270
-2,-55,338
-56,-112,384
-182,-184,511
-389,-225,511
-475,-199,511
-470,-181,511
-444,-147,415
-370,-112,253
-260,-96,172
-201,-89,120
-183,-64,92
-190,-30,84
-159,-5,67
-100,-13,29
-65,-46,-20
-55,-76,-62
-62,-81,-118
-61,-41,-189
-29,12,-253
-18,35,-293
-28,13,-282
-20,-6,-245
-25,15,-250
-98,23,-207
-203,4,-95
-370,-51,191
-512,-138,511
-512,-78,511
-491,-17,511
-276,-2,511
-163,85,359
-86,145,167
-39,77,95
15,15,27
55,-2,1
66,-7,0
58,2,7
74,16,27
100,19,30
118,14,18
134,3,19
129,-20,45
113,-44,78
75,-52,128
17,-29,233
-104,45,511
-162,78,511
-197,10,511
-98,23,-207
-203,4,-95
-370,-51,191
-512,-138,511
-512,-78,511
-491,-17,511
-276,-2,511
-163,85,359
-86,145,167
-39,77,95
15,15,27
55,-2,1
66,-7,0
58,2,7
74,16,27
100,19,30
118,14,18
134,3,19
129,-20,45
113,-44,78
75,-52,128
17,-29,233
-104,45,511
-162,78,511
-197,10,511
-355,-42,511
-502,-28,511
-512,-40,511
-421,-75,394
-293,-118,222
-186,-125,129
-105,-85,82
-67,-48,66
-50,-32,59
-38,-24,43
-35,-24,12
-36,-14,-32
-28,6,-79
-7,34,-116
12,46,-137
-9,37,-175
-47,3,-206
-53,-3,-249
-90,24,-325
-195,-21,-284
-355,-95,-48
-512,-136,511
-512,-176,511
-512,-87,511
-369,18,511
-98,23,-207
-203,4,-95
-370,-51,191
-512,-138,511
-512,-78,511
-491,-17,511
-276,-2,511
-163,85,359
-86,145,167
-39,77,95
15,15,27
55,-2,1
66,-7,0
58,2,7
74,16,27
100,19,30
118,14,18
134,3,19
129,-20,45
113,-44,78
75,-52,128
17,-29,233
-104,45,511
-162,78,511
-197,10,511
-355,-42,511
-502,-28,511
-512,-40,511
-421,-75,394
-293,-118,222
-186,-125,129
-105,-85,82
-67,-48,66
-50,-32,59
-38,-24,43
-35,-24,12
-36,-14,-32
-28,6,-79
-7,34,-116
12,46,-137
-9,37,-175
-47,3,-206
-53,-3,-249
-90,24,-325
-195,-21,-284
-355,-95,-48
-512,-136,511
-512,-176,511
-512,-87,511
-369,18,511
-166,100,511
-103,103,297
4,123,164
13,103,139
30,79,95
49,40,33
65,7,-6
84,-6,-15
98,-5,-9
118,0,8
136,3,14
156,4,9
155,7,1
133,22,17
81,54,94
17,87,266
-24,100,470
-72,0,511
-209,-237,511
-468,-281,511
-512,-250,511
-494,-173,511
-376,-134,266
-269,-128,97
-166,-92,-3
-98,23,-207
-203,4,-95
-370,-51,191
-512,-138,511
-512,-78,511
-491,-17,511
-276,-2,511
-163,85,359
-86,145,167
-39,77,95
15,15,27
55,-2,1
66,-7,0
58,2,7
74,16,27
100,19,30
118,14,18
134,3,19
129,-20,45
113,-44,78
75,-52,128
17,-29,233
-104,45,511
-162,78,511
-197,10,511
-355,-42,511
-502,-28,511
-512,-40,511
-421,-75,394
-293,-118,222
-186,-125,129
-105,-85,82
-67,-48,66
-50,-32,59
-38,-24,43
-35,-24,12
-36,-14,-32
-28,6,-79
-7,34,-116
12,46,-137
-9,37,-175
-47,3,-206
-53,-3,-249
-90,24,-325
-195,-21,-284
-355,-95,-48
-512,-136,511
-512,-176,511
-512,-87,511
-369,18,511
-166,100,511
-103,103,297
4,123,164
13,103,139
30,79,95
49,40,33
65,7,-6
84,-6,-15
98,-5,-9
118,0,8
136,3,14
156,4,9
155,7,1
133,22,17
81,54,94
17,87,266
-24,100,470
-72,0,511
-209,-237,511
-468,-281,511
-512,-250,511
-494,-173,511
-376,-134,266
-269,-128,97
-166,-92,-3
-126,-52,-21
-93,-31,42
-126,-50,121
-89,-25,165
-55,-9,140
-47,-3,69
-39,-2,-25
-30,-2,-119
-43,23,-204
-53,58,-253
-66,44,-241
-66,-2,-208
-89,-10,-243
-171,4,-234
-263,-15,-70
-483,-78,425
-512,-255,511
-512,-190,511
-363,6,511
-156,91,511
-60,92,222
-5,134,186
35,73,198
10,-49,145
93,-22,124
90,4,96
99,28,76
67,27,50
65,3,30
78,-35,2
112,-76,-4
125,-78,5
93,-45,29
57,-5,85
10,25,196
13,15,363
15,-75,511
-98,-138,511
-278,-87,511
-403,-18,511
-386,-78,511
-315,-88,470
-240,-49,259
-159,-2,165
-89,-8,108
-47,-35,63
-25,-64,16
-26,-49,-69
-29,-5,-130
-54,18,-154
90,4,96
99,28,76
67,27,50
65,3,30
78,-35,2
112,-76,-4
125,-78,5
93,-45,29
57,-5,85
10,25,196
13,15,363
15,-75,511
-98,-138,511
-278,-87,511
-403,-18,511
-386,-78,511
-315,-88,470
-240,-49,259
-159,-2,165
-89,-8,108
-47,-35,63
-25,-64,16
-26,-49,-69
-29,-5,-130
-54,18,-154
-76,32,-146
-75,28,-125
-79,22,-122
-94,4,-124
-107,-25,-94
-120,-72,-58
-147,-73,-70
-230,-47,-48
-332,-60,172
-444,-113,511
-476,-196,511
-340,-195,511
-211,-82,511
-128,51,506
-73,121,361
-36,108,290
14,59,240
48,44,168
68,52,103
84,47,74
85,33,67
74,9,68
74,-2,67
88,-7,71
94,-8,78
90,4,96
99,28,76
67,27,50
65,3,30
78,-35,2
112,-76,-4
125,-78,5
93,-45,29
57,-5,85
10,25,196
13,15,363
15,-75,511
-98,-138,511
-278,-87,511
-403,-18,511
-386,-78,511
-315,-88,470
-240,-49,259
-159,-2,165
-89,-8,108
-47,-35,63
-25,-64,16
-26,-49,-69
-29,-5,-130
-54,18,-154
-76,32,-146
-75,28,-125
-79,22,-122
-94,4,-124
-107,-25,-94
-120,-72,-58
-147,-73,-70
-230,-47,-48
-332,-60,172
-444,-113,511
-476,-196,511
-340,-195,511
-211,-82,511
-128,51,506
-73,121,361
-36,108,290
14,59,240
48,44,168
68,52,103
84,47,74
85,33,67
74,9,68
74,-2,67
88,-7,71
94,-8,78
111,-2,91
117,-16,112
96,-50,151
88,-47,245
37,-41,403
-20,-42,511
-213,-149,511
-430,-188,511
-470,-195,511
-401,-163,511
-315,-134,259
-227,-113,132
-152,-81,75
-123,-52,43
-101,-26,15
-85,-4,-9
-77,13,-29
-78,9,-19
-80,2,-26
-67,15,-56
-55,46,-107
-50,69,-151
-53,47,-162
-72,0,-159
-69,-34,-159
90,4,96
99,28,76
67,27,50
65,3,30
78,-35,2
112,-76,-4
125,-78,5
93,-45,29
57,-5,85
10,25,196
13,15,363
15,-75,511
-98,-138,511
-278,-87,511
-403,-18,511
-386,-78,511
-315,-88,470
-240,-49,259
-159,-2,165
-89,-8,108
-47,-35,63
-25,-64,16
-26,-49,-69
-29,-5,-130
-54,18,-154
-76,32,-146
-75,28,-125
-79,22,-122
-94,4,-124
-107,-25,-94
-120,-72,-58
-147,-73,-70
-230,-47,-48
-332,-60,172
-444,-113,511
-476,-196,511
-340,-195,511
-211,-82,511
-128,51,506
-73,121,361
-36,108,290
14,59,240
48,44,168
68,52,103
84,47,74
85,33,67
74,9,68
74,-2,67
88,-7,71
94,-8,78
111,-2,91
117,-16,112
96,-50,151
88,-47,245
37,-41,403
-20,-42,511
-213,-149,511
-430,-188,511
-470,-195,511
-401,-163,511
-315,-134,259
-227,-113,132
-152,-81,75
-123,-52,43
-101,-26,15
-85,-4,-9
-77,13,-29
-78,9,-19
-80,2,-26
-67,15,-56
-55,46,-107
-50,69,-151
-53,47,-162
-72,0,-159
-69,-34,-159
-68,-16,-193
-138,37,-228
-243,32,-38
-487,-35,511
-512,-72,511
-512,-31,511
-286,-2,511
-95,30,490
-18,76,275
-13,92,189
9,56,131
48,33,91
43,12,61
51,8,36
48,-11,21
73,-19,23
88,-35,25
103,-37,33
117,-36,44
117,-32,59
100,-33,80
80,-37,113
72,-33,167
65,-22,258
19,-36,428
-131,-104,511
-436,-250,511
-512,-329,511
-512,-340,511
-501,-287,406
-352,-208,96
-234,-112,-31
-141,-25,-92
-89,10,-131
-58,4,-133
-47,-14,-116
-58,-24,-85
-62,-17,-61
-63,12,-57
-55,39,-64
-47,60,-95
-54,73,-123
-74,54,-111
-106,6,-81
-141,-35,-36
-184,-4,-41
-304,13,-32
-445,-61,172
-512,-161,511
-512,-247,511
-131,-104,511
-436,-250,511
-512,-329,511
-512,-340,511
-501,-287,406
-352,-208,96
-234,-112,-31
-141,-25,-92
-89,10,-131
-58,4,-133
-47,-14,-116
-58,-24,-85
-62,-17,-61
-63,12,-57
-55,39,-64
-47,60,-95
-54,73,-123
-74,54,-111
-106,6,-81
-141,-35,-36
-184,-4,-41
-304,13,-32
-445,-61,172
-512,-161,511
-512,-247,511
-494,-155,511
-323,17,478
-206,112,270
-137,102,320
-99,25,370
-50,-3,332
2,14,260
31,38,175
47,56,99
73,68,50
108,62,18
124,21,-6
149,12,-10
150,3,-7
134,1,14
106,0,72
79,-6,146
43,9,273
22,-2,435
-68,-58,511
-296,-194,511
-509,-293,511
-512,-378,511
-438,-365,474
-347,-283,92
-131,-104,511
-436,-250,511
-512,-329,511
-512,-340,511
-501,-287,406
-352,-208,96
-234,-112,-31
-141,-25,-92
-89,10,-131
-58,4,-133
-47,-14,-116
-58,-24,-85
-62,-17,-61
-63,12,-57
-55,39,-64
-47,60,-95
-54,73,-123
-74,54,-111
-106,6,-81
-141,-35,-36
-184,-4,-41
-304,13,-32
-445,-61,172
-512,-161,511
-512,-247,511
-494,-155,511
-323,17,478
-206,112,270
-137,102,320
-99,25,370
-50,-3,332
2,14,260
31,38,175
47,56,99
73,68,50
108,62,18
124,21,-6
149,12,-10
150,3,-7
134,1,14
106,0,72
79,-6,146
43,9,273
22,-2,435
-68,-58,511
-296,-194,511
-509,-293,511
-512,-378,511
-438,-365,474
-347,-283,92
-234,-141,-79
-156,-30,-149
-110,20,-187
-98,24,-181
-121,0,-122
-149,-6,-43
-134,14,5
-99,55,16
-74,89,6
-55,106,-2
-54,91,-8
-61,54,-26
-55,20,-33
-51,-12,-31
-12,-18,-39
-56,-14,-134
-165,-47,-154
-351,-125,60
-512,-219,416
-512,-268,511
-512,-130,511
-512,31,511
-376,49,511
-195,63,391
-92,69,325
-131,-104,511
-436,-250,511
-512,-329,511
-512,-340,511
-501,-287,406
-352,-208,96
-234,-112,-31
-141,-25,-92
-89,10,-131
-58,4,-133
-47,-14,-116
-58,-24,-85
-62,-17,-61
-63,12,-57
-55,39,-64
-47,60,-95
-54,73,-123
-74,54,-111
-106,6,-81
-141,-35,-36
-184,-4,-41
-304,13,-32
-445,-61,172
-512,-161,511
-512,-247,511
-494,-155,511
-323,17,478
-206,112,270
-137,102,320
-99,25,370
-50,-3,332
2,14,260
31,38,175
47,56,99
73,68,50
108,62,18
124,21,-6
149,12,-10
150,3,-7
134,1,14
106,0,72
79,-6,146
43,9,273
22,-2,435
-68,-58,511
-296,-194,511
-509,-293,511
-512,-378,511
-438,-365,474
-347,-283,92
-234,-141,-79
-156,-30,-149
-110,20,-187
-98,24,-181
-121,0,-122
-149,-6,-43
-134,14,5
-99,55,16
-74,89,6
-55,106,-2
-54,91,-8
-61,54,-26
-55,20,-33
-51,-12,-31
-12,-18,-39
-56,-14,-134
-165,-47,-154
-351,-125,60
-512,-219,416
-512,-268,511
-512,-130,511
-512,31,511
-376,49,511
-195,63,391
-92,69,325
-40,10,237
35,30,165
76,63,104
106,65,61
138,31,33
166,-2,24
184,-26,37
185,-29,42
172,-13,32
161,-9,24
134,-2,43
90,-9,90
49,3,152
18,34,234
-36,19,399
-207,-37,511
-447,-146,511
-512,-274,511
-512,-323,511
-440,-275,403
-303,-194,131
-204,-109,18
-115,-56,-26
-67,-28,-44
-59,-14,-57
-63,-1,-49
-71,-3,-40
-83,-5,-24
-85,9,-21
-74,37,-44
-60,69,-93
-64,95,-142
-71,76,-136
-66,14,-121
-49,-40,-124
-19,-13,-192
-75,37,-292
-172,-11,-230
-405,-146,88
-512,-275,511
-512,-148,511
-512,32,511
-420,17,511
-204,7,321
-86,40,262
-50,22,254
-28,-18,202
37,-12,159
64,15,114
69,38,80
-63,-1,-49
-71,-3,-40
-83,-5,-24
-85,9,-21
-74,37,-44
-60,69,-93
-64,95,-142
-71,76,-136
-66,14,-121
-49,-40,-124
-19,-13,-192
-75,37,-292
-172,-11,-230
-405,-146,88
-512,-275,511
-512,-148,511
-512,32,511
-420,17,511
-204,7,321
-86,40,262
-50,22,254
-28,-18,202
37,-12,159
64,15,114
69,38,80
67,43,66
86,64,55
68,52,23
80,45,28
89,34,60
96,-7,93
100,-78,111
69,-121,156
29,-98,212
4,-55,279
-26,-68,438
-229,-117,511
-512,-240,511
-512,-255,511
-512,-199,511
-483,-190,306
-321,-182,83
-186,-170,-9
-88,-120,-18
-77,-82,-3
-59,-30,3
-74,-14,8
-72,-15,3
-61,0,-7
-41,23,-7
-63,-1,-49
-71,-3,-40
-83,-5,-24
-85,9,-21
-74,37,-44
-60,69,-93
-64,95,-142
-71,76,-136
-66,14,-121
-49,-40,-124
-19,-13,-192
-75,37,-292
-172,-11,-230
-405,-146,88
-512,-275,511
-512,-148,511
-512,32,511
-420,17,511
-204,7,321
-86,40,262
-50,22,254
-28,-18,202
37,-12,159
64,15,114
69,38,80
67,43,66
86,64,55
68,52,23
80,45,28
89,34,60
96,-7,93
100,-78,111
69,-121,156
29,-98,212
4,-55,279
-26,-68,438
-229,-117,511
-512,-240,511
-512,-255,511
-512,-199,511
-483,-190,306
-321,-182,83
-186,-170,-9
-88,-120,-18
-77,-82,-3
-59,-30,3
-74,-14,8
-72,-15,3
-61,0,-7
-41,23,-7
-33,40,-22
-55,72,-103
-65,113,-179
-61,98,-168
-63,34,-126
-72,-25,-108
-70,-54,-123
-98,-1,-178
-191,16,-178
-292,-87,49
-506,-245,511
-512,-407,511
-498,-346,511
-388,-169,511
-233,-38,454
-121,57,265
-89,83,259
-53,50,254
-36,51,220
41,49,180
8,23,132
45,49,97
71,54,76
92,46,51
125,26,33
-63,-1,-49
-71,-3,-40
-83,-5,-24
-85,9,-21
-74,37,-44
-60,69,-93
-64,95,-142
-71,76,-136
-66,14,-121
-49,-40,-124
-19,-13,-192
-75,37,-292
-172,-11,-230
-405,-146,88
-512,-275,511
-512,-148,511
-512,32,511
-420,17,511
-204,7,321
-86,40,262
-50,22,254
-28,-18,202
37,-12,159
64,15,114
69,38,80
67,43,66
86,64,55
68,52,23
80,45,28
89,34,60
96,-7,93
100,-78,111
69,-121,156
29,-98,212
4,-55,279
-26,-68,438
-229,-117,511
-512,-240,511
-512,-255,511
-512,-199,511
-483,-190,306
-321,-182,83
-186,-170,-9
-88,-120,-18
-77,-82,-3
-59,-30,3
-74,-14,8
-72,-15,3
-61,0,-7
-41,23,-7
-33,40,-22
-55,72,-103
-65,113,-179
-61,98,-168
-63,34,-126
-72,-25,-108
-70,-54,-123
-98,-1,-178
-191,16,-178
-292,-87,49
-506,-245,511
-512,-407,511
-498,-346,511
-388,-169,511
-233,-38,454
-121,57,265
-89,83,259
-53,50,254
-36,51,220
41,49,180
8,23,132
45,49,97
71,54,76
92,46,51
125,26,33
166,4,26
184,-10,16
178,-16,1
150,-22,7
118,-30,52
105,-34,124
95,-28,230
51,-28,416
-98,-55,511
-391,-99,511
-512,-239,511
-512,-306,511
-509,-251,448
-404,-255,125
-214,-154,-13
-164,-128,-76
-92,-65,-120
-71,-51,-143
-69,-45,-147
-67,-41,-122
-71,-23,-114
-69,2,-103
-60,33,-105
-58,72,-107
-48,92,-101
-49,77,-61
-53,42,-19
-42,10,-9
-38,8,-50
-142,-5,-52
-332,-96,102
-512,-188,371
-512,-271,511
-512,-298,511
-512,-168,511
-420,-9,238
-315,16,155
-223,60,226
-172,118,266
-142,79,264
-112,73,243
-3,158,235
1,100,187
52,49,152
91,5,127
118,-21,101
133,-30,89
135,-45,95
129,-48,127
120,-46,167
-49,77,-61
-53,42,-19
-42,10,-9
-38,8,-50
-142,-5,-52
-332,-96,102
-512,-188,371
-512,-271,511
-512,-298,511
-512,-168,511
-420,-9,238
-315,16,155
-223,60,226
-172,118,266
-142,79,264
-112,73,243
-3,158,235
1,100,187
52,49,152
91,5,127
118,-21,101
133,-30,89
135,-45,95
129,-48,127
120,-46,167
96,-71,171
80,-115,177
82,-135,223
71,-120,263
-113,-175,320
-384,-171,511
-509,-111,511
-479,-150,511
-425,-202,483
-349,-174,227
-274,-128,117
-220,-110,94
-195,-94,68
-154,-70,54
-130,-55,54
-106,-32,67
-82,-34,58
-51,-34,29
-29,-22,-6
-25,10,-50
-18,38,-75
-19,44,-87
-29,27,-87
-33,4,-81
-36,14,-106
-49,77,-61
-53,42,-19
-42,10,-9
-38,8,-50
-142,-5,-52
-332,-96,102
-512,-188,371
-512,-271,511
-512,-298,511
-512,-168,511
-420,-9,238
-315,16,155
-223,60,226
-172,118,266
-142,79,264
-112,73,243
-3,158,235
1,100,187
52,49,152
91,5,127
118,-21,101
133,-30,89
135,-45,95
129,-48,127
120,-46,167
96,-71,171
80,-115,177
82,-135,223
71,-120,263
-113,-175,320
-384,-171,511
-509,-111,511
-479,-150,511
-425,-202,483
-349,-174,227
-274,-128,117
-220,-110,94
-195,-94,68
-154,-70,54
-130,-55,54
-106,-32,67
-82,-34,58
-51,-34,29
-29,-22,-6
-25,10,-50
-18,38,-75
-19,44,-87
-29,27,-87
-33,4,-81
-36,14,-106
-86,28,-179
-148,-2,-119
-253,-47,92
-447,-70,401
-512,-52,511
-512,-21,511
-482,-2,511
-347,2,496
-180,-2,349
-107,-7,299
-90,24,284
-46,68,260
-22,79,240
-8,84,207
14,72,166
49,63,136
73,50,128
90,31,126
90,21,121
94,-3,118
93,-34,118
93,-49,129
89,-47,155
88,-37,193
51,-43,303
-49,77,-61
-53,42,-19
-42,10,-9
-38,8,-50
-142,-5,-52
-332,-96,102
-512,-188,371
-512,-271,511
-512,-298,511
-512,-168,511
-420,-9,238
-315,16,155
-223,60,226
-172,118,266
-142,79,264
-112,73,243
-3,158,235
1,100,187
52,49,152
91,5,127
118,-21,101
133,-30,89
135,-45,95
129,-48,127
120,-46,167
96,-71,171
80,-115,177
82,-135,223
71,-120,263
-113,-175,320
-384,-171,511
-509,-111,511
-479,-150,511
-425,-202,483
-349,-174,227
-274,-128,117
-220,-110,94
-195,-94,68
-154,-70,54
-130,-55,54
-106,-32,67
-82,-34,58
-51,-34,29
-29,-22,-6
-25,10,-50
-18,38,-75
-19,44,-87
-29,27,-87
-33,4,-81
-36,14,-106
-86,28,-179
-148,-2,-119
-253,-47,92
-447,-70,401
-512,-52,511
-512,-21,511
-482,-2,511
-347,2,496
-180,-2,349
-107,-7,299
-90,24,284
-46,68,260
-22,79,240
-8,84,207
14,72,166
49,63,136
73,50,128
90,31,126
90,21,121
94,-3,118
93,-34,118
93,-49,129
89,-47,155
88,-37,193
51,-43,303
-99,-70,492
-343,-111,511
-501,-163,511
-500,-192,511
-452,-213,394
-369,-196,48
-252,-143,-7
-171,-128,1
-147,-105,-29
-94,-60,-75
-66,-37,-90
-68,-28,-58
-76,-26,-6
-75,-23,28
-70,-21,40
-61,-14,27
-53,-1,-24
-60,12,-71
-68,9,-94
-101,-6,-96
-119,5,-99
-211,28,-79
-305,-2,72
-422,-67,346
-512,-125,511
-512,-83,511
-440,48,511
-279,101,511
-178,134,278
-103,147,188
-65,101,168
-56,33,130
14,7,92
58,-13,63
85,-10,37
95,-14,13
106,-23,19
103,-37,42
89,-30,66
66,-13,96
40,10,150
11,12,204
0,6,230
10,-24,258
-126,-71,461
-368,-84,511
-512,-58,511
-512,-77,511
-457,-71,370
-301,-89,153
-512,-83,511
-440,48,511
-279,101,511
-178,134,278
-103,147,188
-65,101,168
-56,33,130
14,7,92
58,-13,63
85,-10,37
95,-14,13
106,-23,19
103,-37,42
89,-30,66
66,-13,96
40,10,150
11,12,204
0,6,230
10,-24,258
-126,-71,461
-368,-84,511
-512,-58,511
-512,-77,511
-457,-71,370
-301,-89,153
-201,-111,54
-138,-129,39
-106,-108,63
-93,-74,115
-86,-62,119
-104,-64,59
-117,-33,-14
-100,2,-34
-69,15,-54
-41,30,-101
-37,49,-161
-38,54,-194
-44,5,-175
-30,-40,-140
-36,-6,-179
-159,30,-186
-318,3,53
-512,-108,511
-512,-241,511
-512,-224,511
-466,-65,511
-315,71,440
-219,118,182
-142,60,119
-71,11,139
-512,-83,511
-440,48,511
-279,101,511
-178,134,278
-103,147,188
-65,101,168
-56,33,130
14,7,92
58,-13,63
85,-10,37
95,-14,13
106,-23,19
103,-37,42
89,-30,66
66,-13,96
40,10,150
11,12,204
0,6,230
10,-24,258
-126,-71,461
-368,-84,511
-512,-58,511
-512,-77,511
-457,-71,370
-301,-89,153
-201,-111,54
-138,-129,39
-106,-108,63
-93,-74,115
-86,-62,119
-104,-64,59
-117,-33,-14
-100,2,-34
-69,15,-54
-41,30,-101
-37,49,-161
-38,54,-194
-44,5,-175
-30,-40,-140
-36,-6,-179
-159,30,-186
-318,3,53
-512,-108,511
-512,-241,511
-512,-224,511
-466,-65,511
-315,71,440
-219,118,182
-142,60,119
-71,11,139
-31,-5,130
9,-14,117
34,-24,118
67,-25,137
90,-16,167
108,-7,176
121,-3,152
142,-7,125
140,-27,116
154,-61,131
131,-83,168
104,-81,203
52,-72,253
-34,-55,381
-183,-76,511
-441,-134,511
-512,-190,511
-512,-235,511
-510,-221,337
-321,-161,84
-226,-119,-6
-111,-73,-81
-56,-32,-84
-41,-22,-97
-41,-34,-88
-512,-83,511
-440,48,511
-279,101,511
-178,134,278
-103,147,188
-65,101,168
-56,33,130
14,7,92
58,-13,63
85,-10,37
95,-14,13
106,-23,19
103,-37,42
89,-30,66
66,-13,96
40,10,150
11,12,204
0,6,230
10,-24,258
-126,-71,461
-368,-84,511
-512,-58,511
-512,-77,511
-457,-71,370
-301,-89,153
-201,-111,54
-138,-129,39
-106,-108,63
-93,-74,115
-86,-62,119
-104,-64,59
-117,-33,-14
-100,2,-34
-69,15,-54
-41,30,-101
-37,49,-161
-38,54,-194
-44,5,-175
-30,-40,-140
-36,-6,-179
-159,30,-186
-318,3,53
-512,-108,511
-512,-241,511
-512,-224,511
-466,-65,511
-315,71,440
-219,118,182
-142,60,119
-71,11,139
-31,-5,130
9,-14,117
34,-24,118
67,-25,137
90,-16,167
108,-7,176
121,-3,152
142,-7,125
140,-27,116
154,-61,131
131,-83,168
104,-81,203
52,-72,253
-34,-55,381
-183,-76,511
-441,-134,511
-512,-190,511
-512,-235,511
-510,-221,337
-321,-161,84
-226,-119,-6
-111,-73,-81
-56,-32,-84
-41,-22,-97
-41,-34,-88
-52,-53,-73
-56,-39,-71
-60,-7,-89
-49,31,-89
-36,59,-80
-55,52,-53
-89,29,4
-112,3,53
-113,0,67
-163,7,13
-299,-15,50
-475,-90,210
-512,-192,493
-512,-226,511
-512,-168,511
-435,-30,456
-331,57,183
-200,121,102
-89,84,99
-17,41,89
17,10,68
56,22,66
63,36,82
79,56,111
87,53,132
95,44,149
105,32,144
124,18,125
125,-1,106
115,-11,98
77,-23,115
55,-14,195
31,-14,270
-85,-55,436
-367,-145,511
-512,-155,511
-512,-223,511
-512,-216,511
-392,-174,226
-254,-135,73
-139,-77,-12
-71,-55,-72
-40,-55,-111
-14,-51,-118
-28,-49,-100
-70,-50,-96
-99,-44,-71
-102,-38,-52
-83,-20,-60
-73,-2,-100
95,44,149
105,32,144
124,18,125
125,-1,106
115,-11,98
77,-23,115
55,-14,195
31,-14,270
-85,-55,436
-367,-145,511
-512,-155,511
-512,-223,511
-512,-216,511
-392,-174,226
-254,-135,73
-139,-77,-12
-71,-55,-72
-40,-55,-111
-14,-51,-118
-28,-49,-100
-70,-50,-96
-99,-44,-71
-102,-38,-52
-83,-20,-60
-73,-2,-100
-81,15,-148
-104,16,-153
-124,-12,-121
-122,1,-121
-186,24,-172
-325,-24,-40
-512,-119,370
-512,-232,511
-512,-241,511
-499,-66,511
-344,50,451
-208,78,205
-152,26,169
-75,-6,190
-39,-23,175
-4,-9,147
18,36,117
33,91,99
67,111,88
88,82,79
120,37,78
143,20,66
160,0,49
140,-12,44
94,-31,69
95,44,149
105,32,144
124,18,125
125,-1,106
115,-11,98
77,-23,115
55,-14,195
31,-14,270
-85,-55,436
-367,-145,511
-512,-155,511
-512,-223,511
-512,-216,511
-392,-174,226
-254,-135,73
-139,-77,-12
-71,-55,-72
-40,-55,-111
-14,-51,-118
-28,-49,-100
-70,-50,-96
-99,-44,-71
-102,-38,-52
-83,-20,-60
-73,-2,-100
-81,15,-148
-104,16,-153
-124,-12,-121
-122,1,-121
-186,24,-172
-325,-24,-40
-512,-119,370
-512,-232,511
-512,-241,511
-499,-66,511
-344,50,451
-208,78,205
-152,26,169
-75,-6,190
-39,-23,175
-4,-9,147
18,36,117
33,91,99
67,111,88
88,82,79
120,37,78
143,20,66
160,0,49
140,-12,44
94,-31,69
54,-58,146
-2,-66,280
-109,-101,495
-321,-205,511
-512,-247,511
-512,-221,511
-512,-183,511
-436,-157,387
-325,-126,184
-218,-94,46
-137,-44,-32
-85,13,-82
-64,37,-108
-53,44,-107
-57,0,-91
-61,-40,-77
-51,-46,-83
-53,-9,-117
-54,36,-156
-69,56,-186
-104,24,-168
-123,-20,-140
-173,-18,-161
-281,-30,-91
-446,-54,197
95,44,149
105,32,144
124,18,125
125,-1,106
115,-11,98
77,-23,115
55,-14,195
31,-14,270
-85,-55,436
-367,-145,511
-512,-155,511
-512,-223,511
-512,-216,511
-392,-174,226
-254,-135,73
-139,-77,-12
-71,-55,-72
-40,-55,-111
-14,-51,-118
-28,-49,-100
-70,-50,-96
-99,-44,-71
-102,-38,-52
-83,-20,-60
-73,-2,-100
-81,15,-148
-104,16,-153
-124,-12,-121
-122,1,-121
-186,24,-172
-325,-24,-40
-512,-119,370
-512,-232,511
-512,-241,511
-499,-66,511
-344,50,451
-208,78,205
-152,26,169
-75,-6,190
-39,-23,175
-4,-9,147
18,36,117
33,91,99
67,111,88
88,82,79
120,37,78
143,20,66
160,0,49
140,-12,44
94,-31,69
54,-58,146
-2,-66,280
-109,-101,495
-321,-205,511
-512,-247,511
-512,-221,511
-512,-183,511
-436,-157,387
-325,-126,184
-218,-94,46
-137,-44,-32
-85,13,-82
-64,37,-108
-53,44,-107
-57,0,-91
-61,-40,-77
-51,-46,-83
-53,-9,-117
-54,36,-156
-69,56,-186
-104,24,-168
-123,-20,-140
-173,-18,-161
-281,-30,-91
-446,-54,197
-512,-78,511
-512,-84,511
-512,-20,511
-347,28,511
-184,10,469
-79,26,330
-38,26,256
-59,3,163
3,31,112
34,38,80
36,39,73
45,39,73
67,23,71
78,4,60
99,-3,57
111,-17,72
95,-20,118
75,-14,165
55,-17,182
23,-11,212
-30,-16,286
-139,-62,425
-398,-56,511
-498,-20,511
-487,-105,511
-450,-212,511
-385,-200,319
-273,-110,180
-177,-31,105
-115,-2,80
-80,-4,50
-80,-4,28
-83,-9,26
-78,-1,20
-70,-1,14
-49,-4,-12
-20,8,-66
-4,38,-140
-40,61,-238
-106,57,-319
-97,-2,-230
-118,-28,-139
-258,9,-20
-459,41,223
-512,27,511
-512,-2,511
-512,96,511
-469,248,511
-350,255,473
-217,163,349
-450,-212,511
-385,-200,319
-273,-110,180
-177,-31,105
-115,-2,80
-80,-4,50
-80,-4,28
-83,-9,26
-78,-1,20
-70,-1,14
-49,-4,-12
-20,8,-66
-4,38,-140
-40,61,-238
-106,57,-319
-97,-2,-230
-118,-28,-139
-258,9,-20
-459,41,223
-512,27,511
-512,-2,511
-512,96,511
-469,248,511
-350,255,473
-217,163,349
-162,96,292
-79,70,289
-62,-5,260
-26,-5,231
16,25,199
47,23,152
78,14,95
118,-7,50
143,-37,41
154,-56,56
135,-69,79
92,-68,118
29,-53,218
-20,-47,354
-44,-81,450
-145,-147,511
-296,-170,511
-404,-179,511
-419,-193,511
-365,-172,376
-269,-117,200
-170,-46,90
-114,14,50
-74,27,43
-63,16,64
-450,-212,511
-385,-200,319
-273,-110,180
-177,-31,105
-115,-2,80
-80,-4,50
-80,-4,28
-83,-9,26
-78,-1,20
-70,-1,14
-49,-4,-12
-20,8,-66
-4,38,-140
-40,61,-238
-106,57,-319
-97,-2,-230
-118,-28,-139
-258,9,-20
-459,41,223
-512,27,511
-512,-2,511
-512,96,511
-469,248,511
-350,255,473
-217,163,349
-162,96,292
-79,70,289
-62,-5,260
-26,-5,231
16,25,199
47,23,152
78,14,95
118,-7,50
143,-37,41
154,-56,56
135,-69,79
92,-68,118
29,-53,218
-20,-47,354
-44,-81,450
-145,-147,511
-296,-170,511
-404,-179,511
-419,-193,511
-365,-172,376
-269,-117,200
-170,-46,90
-114,14,50
-74,27,43
-63,16,64
-64,3,97
-52,-7,116
-35,-2,114
-25,8,71
-29,28,3
-45,54,-77
-67,67,-141
-90,58,-168
-101,23,-153
-109,14,-152
-180,-10,-98
-259,-59,72
-359,-118,314
-457,-165,511
-511,-154,511
-473,-44,511
-326,69,511
-183,80,409
-54,46,213
16,39,178
39,21,175
78,14,168
89,8,146
107,-19,126
148,-47,121
-450,-212,511
-385,-200,319
-273,-110,180
-177,-31,105
-115,-2,80
-80,-4,50
-80,-4,28
-83,-9,26
-78,-1,20
-70,-1,14
-49,-4,-12
-20,8,-66
-4,38,-140
-40,61,-238
-106,57,-319
-97,-2,-230
-118,-28,-139
-258,9,-20
-459,41,223
-512,27,511
-512,-2,511
-512,96,511
-469,248,511
-350,255,473
-217,163,349
-162,96,292
-79,70,289
-62,-5,260
-26,-5,231
16,25,199
47,23,152
78,14,95
118,-7,50
143,-37,41
154,-56,56
135,-69,79
92,-68,118
29,-53,218
-20,-47,354
-44,-81,450
-145,-147,511
-296,-170,511
-404,-179,511
-419,-193,511
-365,-172,376
-269,-117,200
-170,-46,90
-114,14,50
-74,27,43
-63,16,64
-64,3,97
-52,-7,116
-35,-2,114
-25,8,71
-29,28,3
-45,54,-77
-67,67,-141
-90,58,-168
-101,23,-153
-109,14,-152
-180,-10,-98
-259,-59,72
-359,-118,314
-457,-165,511
-511,-154,511
-473,-44,511
-326,69,511
-183,80,409
-54,46,213
16,39,178
39,21,175
78,14,168
89,8,146
107,-19,126
148,-47,121
166,-61,109
142,-41,98
109,-24,87
64,5,105
17,38,137
-30,37,189
-45,27,243
-76,-27,321
-182,-70,441
-276,-47,511
-292,-71,511
-324,-146,511
-330,-196,511
-300,-180,312
-199,-148,157
-130,-110,74
-90,-65,29
-80,-24,7
-63,10,-30
-54,29,-46
-62,26,-28
-59,21,-15
-52,17,-24
-40,24,-44
-46,49,-73
-62,67,-106
-75,51,-102
-67,22,-118
-117,10,-149
-223,-43,-57
-408,-87,236
-512,-189,511
-512,-219,511
-512,-80,511
-462,39,511
-269,59,463
-177,31,293
-97,7,268
-41,-18,237
16,-5,201
43,2,160
42,11,136
60,78,140
46,48,109
75,45,62
99,49,33
121,46,27
136,43,24
135,19,11
122,-5,14
-62,67,-106
-75,51,-102
-67,22,-118
-117,10,-149
-223,-43,-57
-408,-87,236
-512,-189,511
-512,-219,511
-512,-80,511
-462,39,511
-269,59,463
-177,31,293
-97,7,268
-41,-18,237
16,-5,201
43,2,160
42,11,136
60,78,140
46,48,109
75,45,62
99,49,33
121,46,27
136,43,24
135,19,11
122,-5,14
110,-19,68
103,-9,186
107,1,339
-25,-36,511
-304,-111,511
-512,-197,511
-512,-287,511
-496,-260,511
-392,-221,148
-266,-151,-26
-185,-72,-94
-118,-12,-147
-88,-6,-162
-56,-1,-145
-44,-5,-131
-61,-13,-115
-76,-14,-104
-87,-13,-87
-77,5,-74
-79,31,-71
-104,40,-48
-125,26,0
-139,16,40
-186,-21,15
-292,-54,106
-62,67,-106
-75,51,-102
-67,22,-118
-117,10,-149
-223,-43,-57
-408,-87,236
-512,-189,511
-512,-219,511
-512,-80,511
-462,39,511
-269,59,463
-177,31,293
-97,7,268
-41,-18,237
16,-5,201
43,2,160
42,11,136
60,78,140
46,48,109
75,45,62
99,49,33
121,46,27
136,43,24
135,19,11
122,-5,14
110,-19,68
103,-9,186
107,1,339
-25,-36,511
-304,-111,511
-512,-197,511
-512,-287,511
-496,-260,511
-392,-221,148
-266,-151,-26
-185,-72,-94
-118,-12,-147
-88,-6,-162
-56,-1,-145
-44,-5,-131
-61,-13,-115
-76,-14,-104
-87,-13,-87
-77,5,-74
-79,31,-71
-104,40,-48
-125,26,0
-139,16,40
-186,-21,15
-292,-54,106
-449,-100,298
-512,-192,511
-512,-283,511
-511,-191,511
-367,-42,500
-269,75,229
-144,119,151
-79,68,143
-20,37,137
19,25,101
41,36,65
55,60,53
55,66,71
60,48,107
88,28,138
115,19,145
138,20,140
153,21,119
140,3,86
122,-20,73
94,-34,113
84,-19,201
39,5,387
-96,-19,511
-346,-151,511
-62,67,-106
-75,51,-102
-67,22,-118
-117,10,-149
-223,-43,-57
-408,-87,236
-512,-189,511
-512,-219,511
-512,-80,511
-462,39,511
-269,59,463
-177,31,293
-97,7,268
-41,-18,237
16,-5,201
43,2,160
42,11,136
60,78,140
46,48,109
75,45,62
99,49,33
121,46,27
136,43,24
135,19,11
122,-5,14
110,-19,68
103,-9,186
107,1,339
-25,-36,511
-304,-111,511
-512,-197,511
-512,-287,511
-496,-260,511
-392,-221,148
-266,-151,-26
-185,-72,-94
-118,-12,-147
-88,-6,-162
-56,-1,-145
-44,-5,-131
-61,-13,-115
-76,-14,-104
-87,-13,-87
-77,5,-74
-79,31,-71
-104,40,-48
-125,26,0
-139,16,40
-186,-21,15
-292,-54,106
-449,-100,298
-512,-192,511
-512,-283,511
-511,-191,511
-367,-42,500
-269,75,229
-144,119,151
-79,68,143
-20,37,137
19,25,101
41,36,65
55,60,53
55,66,71
60,48,107
88,28,138
115,19,145
138,20,140
153,21,119
140,3,86
122,-20,73
94,-34,113
84,-19,201
39,5,387
-96,-19,511
-346,-151,511
-512,-224,511
-512,-306,511
-441,-269,414
-317,-214,36
-198,-130,-90
-128,-64,-116
-102,-34,-122
-78,-35,-124
-64,-26,-100
-62,-26,-65
-62,-35,-37
-54,-42,-23
-47,-26,-20
-53,6,-16
-83,31,-10
-112,32,42
-139,11,107
-138,-15,117
-200,-26,78
-336,-29,158
-490,-47,318
-512,-83,511
-512,-170,511
-423,-174,511
-284,-73,458
-197,34,262
-129,95,130
-79,101,83
-33,71,106
3,27,123
28,3,141
46,3,147
59,16,146
68,25,133
98,35,128
129,26,131
146,3,126
135,-28,94
92,-41,67
77,-38,93
70,-24,205
-99,-73,418
-425,-178,511
-512,-204,511
-512,-251,511
-509,-245,461
-356,-225,161
-234,-176,45
-149,-133,31
-102,-104,34
-197,34,262
-129,95,130
-79,101,83
-33,71,106
3,27,123
28,3,141
46,3,147
59,16,146
68,25,133
98,35,128
129,26,131
146,3,126
135,-28,94
92,-41,67
77,-38,93
70,-24,205
-99,-73,418
-425,-178,511
-512,-204,511
-512,-251,511
-509,-245,461
-356,-225,161
-234,-176,45
-149,-133,31
-102,-104,34
-81,-63,26
-61,-17,9
-41,15,-6
-22,41,-24
-8,51,-45
0,55,-64
-1,57,-86
-9,61,-115
-26,61,-141
-40,43,-136
-70,4,-123
-85,-18,-136
-187,-33,-172
-389,-111,31
-512,-191,511
-512,-302,511
-512,-334,511
-427,-201,511
-287,-8,365
-158,93,185
-120,74,105
-26,86,119
36,71,133
42,56,124
74,109,109
-197,34,262
-129,95,130
-79,101,83
-33,71,106
3,27,123
28,3,141
46,3,147
59,16,146
68,25,133
98,35,128
129,26,131
146,3,126
135,-28,94
92,-41,67
77,-38,93
70,-24,205
-99,-73,418
-425,-178,511
-512,-204,511
-512,-251,511
-509,-245,461
-356,-225,161
-234,-176,45
-149,-133,31
-102,-104,34
-81,-63,26
-61,-17,9
-41,15,-6
-22,41,-24
-8,51,-45
0,55,-64
-1,57,-86
-9,61,-115
-26,61,-141
-40,43,-136
-70,4,-123
-85,-18,-136
-187,-33,-172
-389,-111,31
-512,-191,511
-512,-302,511
-512,-334,511
-427,-201,511
-287,-8,365
-158,93,185
-120,74,105
-26,86,119
36,71,133
42,56,124
74,109,109
62,95,68
64,75,46
73,73,46
101,53,48
121,26,55
151,-23,57
142,-63,57
98,-75,75
78,-75,142
43,-54,337
-97,-48,511
-363,-134,511
-512,-282,511
-512,-326,511
-418,-261,453
-333,-222,144
-210,-160,20
-127,-109,-48
-88,-46,-89
-78,1,-114
-65,24,-110
-77,21,-80
-96,1,-44
-99,-7,-23
-90,3,-29
-197,34,262
-129,95,130
-79,101,83
-33,71,106
3,27,123
28,3,141
46,3,147
59,16,146
68,25,133
98,35,128
129,26,131
146,3,126
135,-28,94
92,-41,67
77,-38,93
70,-24,205
-99,-73,418
-425,-178,511
-512,-204,511
-512,-251,511
-509,-245,461
-356,-225,161
-234,-176,45
-149,-133,31
-102,-104,34
-81,-63,26
-61,-17,9
-41,15,-6
-22,41,-24
-8,51,-45
0,55,-64
-1,57,-86
-9,61,-115
-26,61,-141
-40,43,-136
-70,4,-123
-85,-18,-136
-187,-33,-172
-389,-111,31
-512,-191,511
-512,-302,511
-512,-334,511
-427,-201,511
-287,-8,365
-158,93,185
-120,74,105
-26,86,119
36,71,133
42,56,124
74,109,109
62,95,68
64,75,46
73,73,46
101,53,48
121,26,55
151,-23,57
142,-63,57
98,-75,75
78,-75,142
43,-54,337
-97,-48,511
-363,-134,511
-512,-282,511
-512,-326,511
-418,-261,453
-333,-222,144
-210,-160,20
-127,-109,-48
-88,-46,-89
-78,1,-114
-65,24,-110
-77,21,-80
-96,1,-44
-99,-7,-23
-90,3,-29
-78,36,-72
-82,69,-127
-88,74,-156
-91,30,-131
-95,-29,-114
-95,-50,-155
-177,-64,-175
-313,-117,23
-512,-201,397
-512,-368,511
-512,-350,511
-512,-143,511
-370,-22,431
-259,2,236
-171,21,199
-93,37,206
-44,36,195
-9,42,168
20,53,129
49,57,95
56,52,66
90,61,60
97,59,59
105,56,59
120,23,68
119,-43,92
92,-99,138
41,-106,200
-46,-72,289
-75,-47,431
-142,-95,511
-350,-183,511
-512,-234,511
-512,-178,511
-364,-145,339
-239,-167,151
-145,-151,62
-92,-119,5
-55,-81,-26
-48,-47,-32
-63,-29,-2
-71,-25,19
-70,-34,8
-49,-24,-22
4,11,-76
1,52,-166
-12,68,-212
-34,25,-176
-47,-47,-120
-65,-54,-99
119,-43,92
92,-99,138
41,-106,200
-46,-72,289
-75,-47,431
-142,-95,511
-350,-183,511
-512,-234,511
-512,-178,511
-364,-145,339
-239,-167,151
-145,-151,62
-92,-119,5
-55,-81,-26
-48,-47,-32
-63,-29,-2
-71,-25,19
-70,-34,8
-49,-24,-22
4,11,-76
1,52,-166
-12,68,-212
-34,25,-176
-47,-47,-120
-65,-54,-99
-159,25,-127
-342,68,-31
-512,10,334
-512,-134,511
-512,-159,511
-468,-41,511
-284,21,511
-169,83,290
-82,119,177
-80,62,147
-25,34,133
11,1,132
19,-30,127
70,-27,127
99,-56,136
120,-58,176
107,-60,201
114,-31,208
112,1,177
109,15,136
92,15,118
81,-3,113
66,-9,153
75,-17,217
86,-41,346
119,-43,92
92,-99,138
41,-106,200
-46,-72,289
-75,-47,431
-142,-95,511
-350,-183,511
-512,-234,511
-512,-178,511
-364,-145,339
-239,-167,151
-145,-151,62
-92,-119,5
-55,-81,-26
-48,-47,-32
-63,-29,-2
-71,-25,19
-70,-34,8
-49,-24,-22
4,11,-76
1,52,-166
-12,68,-212
-34,25,-176
-47,-47,-120
-65,-54,-99
-159,25,-127
-342,68,-31
-512,10,334
-512,-134,511
-512,-159,511
-468,-41,511
-284,21,511
-169,83,290
-82,119,177
-80,62,147
-25,34,133
11,1,132
19,-30,127
70,-27,127
99,-56,136
120,-58,176
107,-60,201
114,-31,208
112,1,177
109,15,136
92,15,118
81,-3,113
66,-9,153
75,-17,217
86,-41,346
91,-84,511
-91,-186,511
-449,-255,511
-512,-331,511
-469,-319,454
-328,-226,73
-209,-159,-56
-122,-92,-140
-77,-60,-177
-43,-48,-183
-72,-54,-162
-86,-54,-132
-87,-44,-120
-78,-14,-122
-67,20,-127
-54,54,-143
-44,67,-135
-50,44,-108
-54,7,-78
-48,-27,-65
-31,-18,-76
-103,7,-106
-290,-25,-15
-512,-121,379
-512,-267,511
119,-43,92
92,-99,138
41,-106,200
-46,-72,289
-75,-47,431
-142,-95,511
-350,-183,511
-512,-234,511
-512,-178,511
-364,-145,339
-239,-167,151
-145,-151,62
-92,-119,5
-55,-81,-26
-48,-47,-32
-63,-29,-2
-71,-25,19
-70,-34,8
-49,-24,-22
4,11,-76
1,52,-166
-12,68,-212
-34,25,-176
-47,-47,-120
-65,-54,-99
-159,25,-127
-342,68,-31
-512,10,334
-512,-134,511
-512,-159,511
-468,-41,511
-284,21,511
-169,83,290
-82,119,177
-80,62,147
-25,34,133
11,1,132
19,-30,127
70,-27,127
99,-56,136
120,-58,176
107,-60,201
114,-31,208
112,1,177
109,15,136
92,15,118
81,-3,113
66,-9,153
75,-17,217
86,-41,346
91,-84,511
-91,-186,511
-449,-255,511
-512,-331,511
-469,-319,454
-328,-226,73
-209,-159,-56
-122,-92,-140
-77,-60,-177
-43,-48,-183
-72,-54,-162
-86,-54,-132
-87,-44,-120
-78,-14,-122
-67,20,-127
-54,54,-143
-44,67,-135
-50,44,-108
-54,7,-78
-48,-27,-65
-31,-18,-76
-103,7,-106
-290,-25,-15
-512,-121,379
-512,-267,511
-512,-279,511
-512,-130,511
-465,-54,511
-280,40,265
-166,121,185
-121,77,162
-23,39,166
60,45,164
23,22,159
48,50,151
58,56,150
37,26,150
52,6,144
75,-1,128
94,-3,113
106,-8,95
106,-16,78
101,-31,65
104,-57,82
99,-63,133
89,-81,240
45,-91,404
-205,-126,511
-493,-149,511
-512,-183,511
-481,-172,511
-355,-139,219
-223,-100,8
-151,-61,-34
-122,-20,-24
-98,-2,-17
-65,0,-22
-48,-11,-29
-39,-8,-29
-36,8,-42
-40,24,-57
-37,62,-47
-55,75,-41
-78,66,-43
-124,7,-57
-141,-56,-57
-144,-44,-71
-214,-11,-111
-348,-25,46
-496,-116,374
-512,-171,511
-512,-122,511
-512,43,511
-449,103,511
-224,46,436
-481,-172,511
-355,-139,219
-223,-100,8
-151,-61,-34
-122,-20,-24
-98,-2,-17
-65,0,-22
-48,-11,-29
-39,-8,-29
-36,8,-42
-40,24,-57
-37,62,-47
-55,75,-41
-78,66,-43
-124,7,-57
-141,-56,-57
-144,-44,-71
-214,-11,-111
-348,-25,46
-496,-116,374
-512,-171,511
-512,-122,511
-512,43,511
-449,103,511
-224,46,436
-116,4,286
-72,35,206
-50,58,169
8,86,158
55,72,161
91,45,172
111,21,176
113,26,173
105,31,165
95,37,174
87,32,174
98,9,162
101,-32,158
94,-79,174
40,-99,202
-3,-141,256
-161,-144,381
-365,-201,511
-512,-208,511
-512,-237,511
-512,-314,511
-444,-357,232
-286,-237,116
-168,-115,45
-120,-73,-11
-481,-172,511
-355,-139,219
-223,-100,8
-151,-61,-34
-122,-20,-24
-98,-2,-17
-65,0,-22
-48,-11,-29
-39,-8,-29
-36,8,-42
-40,24,-57
-37,62,-47
-55,75,-41
-78,66,-43
-124,7,-57
-141,-56,-57
-144,-44,-71
-214,-11,-111
-348,-25,46
-496,-116,374
-512,-171,511
-512,-122,511
-512,43,511
-449,103,511
-224,46,436
-116,4,286
-72,35,206
-50,58,169
8,86,158
55,72,161
91,45,172
111,21,176
113,26,173
105,31,165
95,37,174
87,32,174
98,9,162
101,-32,158
94,-79,174
40,-99,202
-3,-141,256
-161,-144,381
-365,-201,511
-512,-208,511
-512,-237,511
-512,-314,511
-444,-357,232
-286,-237,116
-168,-115,45
-120,-73,-11
-99,-49,-31
-58,-6,-41
-37,30,-39
-36,52,-44
-38,47,-54
-22,20,-61
-4,5,-67
6,3,-89
-5,10,-108
-31,19,-110
-51,25,-79
-75,35,-54
-162,3,1
-270,-67,160
-413,-120,382
-512,-169,511
-512,-178,511
-512,-102,511
-384,-29,511
-236,9,405
-136,34,283
-67,59,219
-42,49,194
4,25,166
23,17,161
-481,-172,511
-355,-139,219
-223,-100,8
-151,-61,-34
-122,-20,-24
-98,-2,-17
-65,0,-22
-48,-11,-29
-39,-8,-29
-36,8,-42
-40,24,-57
-37,62,-47
-55,75,-41
-78,66,-43
-124,7,-57
-141,-56,-57
-144,-44,-71
-214,-11,-111
-348,-25,46
-496,-116,374
-512,-171,511
-512,-122,511
-512,43,511
-449,103,511
-224,46,436
-116,4,286
-72,35,206
-50,58,169
8,86,158
55,72,161
91,45,172
111,21,176
113,26,173
105,31,165
95,37,174
87,32,174
98,9,162
101,-32,158
94,-79,174
40,-99,202
-3,-141,256
-161,-144,381
-365,-201,511
-512,-208,511
-512,-237,511
-512,-314,511
-444,-357,232
-286,-237,116
-168,-115,45
-120,-73,-11
-99,-49,-31
-58,-6,-41
-37,30,-39
-36,52,-44
-38,47,-54
-22,20,-61
-4,5,-67
6,3,-89
-5,10,-108
-31,19,-110
-51,25,-79
-75,35,-54
-162,3,1
-270,-67,160
-413,-120,382
-512,-169,511
-512,-178,511
-512,-102,511
-384,-29,511
-236,9,405
-136,34,283
-67,59,219
-42,49,194
4,25,166
23,17,161
45,26,144
46,43,122
55,62,101
62,68,78
75,58,71
84,13,89
65,-39,131
21,-55,170
-9,-28,198
-36,-11,198
-39,-29,215
-138,-97,271
-324,-153,449
-460,-229,511
-509,-316,511
-428,-338,511
-338,-355,404
-222,-302,138
-145,-224,-21
-85,-123,-53
-48,-54,-27
-42,-9,-5
-34,6,11
-47,-23,3
-37,-38,-9
-20,-35,-13
-14,-13,-32
-15,20,-57
-19,51,-73
-39,54,-93
-53,39,-106
-79,13,-114
-99,4,-122
-147,30,-130
-227,6,-102
-323,-78,-20
-464,-200,175
-512,-373,440
-512,-361,511
-512,-247,511
-487,-124,511
-318,-31,450
-202,16,306
-133,36,195
-89,47,149
-58,47,130
-37,37,121
-21,28,115
-9,27,123
-8,30,136
-20,-35,-13
-14,-13,-32
-15,20,-57
-19,51,-73
-39,54,-93
-53,39,-106
-79,13,-114
-99,4,-122
-147,30,-130
-227,6,-102
-323,-78,-20
-464,-200,175
-512,-373,440
-512,-361,511
-512,-247,511
-487,-124,511
-318,-31,450
-202,16,306
-133,36,195
-89,47,149
-58,47,130
-37,37,121
-21,28,115
-9,27,123
-8,30,136
1,39,141
2,43,138
-2,31,138
0,19,150
-7,15,170
7,31,157
16,38,131
-40,26,122
-231,5,317
-418,-23,511
-512,-83,511
-495,-143,511
-464,-171,433
-428,-167,279
-379,-165,145
-310,-146,63
-270,-110,-13
-228,-41,-74
-187,13,-101
-162,47,-93
-152,64,-62
-143,63,-14
-125,52,26
-106,28,62
-104,4,99
-20,-35,-13
-14,-13,-32
-15,20,-57
-19,51,-73
-39,54,-93
-53,39,-106
-79,13,-114
-99,4,-122
-147,30,-130
-227,6,-102
-323,-78,-20
-464,-200,175
-512,-373,440
-512,-361,511
-512,-247,511
-487,-124,511
-318,-31,450
-202,16,306
-133,36,195
-89,47,149
-58,47,130
-37,37,121
-21,28,115
-9,27,123
-8,30,136
1,39,141
2,43,138
-2,31,138
0,19,150
-7,15,170
7,31,157
16,38,131
-40,26,122
-231,5,317
-418,-23,511
-512,-83,511
-495,-143,511
-464,-171,433
-428,-167,279
-379,-165,145
-310,-146,63
-270,-110,-13
-228,-41,-74
-187,13,-101
-162,47,-93
-152,64,-62
-143,63,-14
-125,52,26
-106,28,62
-104,4,99
-105,-14,131
-111,-26,132
-125,-38,131
-137,-40,141
-159,-33,165
-164,-30,182
-161,-31,203
-163,-34,228
-210,-50,267
-256,-48,365
-227,-29,392
-183,-39,324
-159,-34,238
-172,6,179
-175,65,147
-188,104,135
-168,123,127
-139,118,118
-118,102,113
-104,82,99
-103,60,92
-123,44,106
-158,33,146
-193,26,190
-210,20,205
-20,-35,-13
-14,-13,-32
-15,20,-57
-19,51,-73
-39,54,-93
-53,39,-106
-79,13,-114
-99,4,-122
-147,30,-130
-227,6,-102
-323,-78,-20
-464,-200,175
-512,-373,440
-512,-361,511
-512,-247,511
-487,-124,511
-318,-31,450
-202,16,306
-133,36,195
-89,47,149
-58,47,130
-37,37,121
-21,28,115
-9,27,123
-8,30,136
1,39,141
2,43,138
-2,31,138
0,19,150
-7,15,170
7,31,157
16,38,131
-40,26,122
-231,5,317
-418,-23,511
-512,-83,511
-495,-143,511
-464,-171,433
-428,-167,279
-379,-165,145
-310,-146,63
-270,-110,-13
-228,-41,-74
-187,13,-101
-162,47,-93
-152,64,-62
-143,63,-14
-125,52,26
-106,28,62
-104,4,99
-105,-14,131
-111,-26,132
-125,-38,131
-137,-40,141
-159,-33,165
-164,-30,182
-161,-31,203
-163,-34,228
-210,-50,267
-256,-48,365
-227,-29,392
-183,-39,324
-159,-34,238
-172,6,179
-175,65,147
-188,104,135
-168,123,127
-139,118,118
-118,102,113
-104,82,99
-103,60,92
-123,44,106
-158,33,146
-193,26,190
-210,20,205
-213,13,189
-217,6,165
-213,6,156
-201,10,158
-191,15,166
-174,15,158
-163,16,156
-153,22,151
-149,33,154
-141,34,145
-134,23,144
-136,6,155
-154,-7,191
-172,-10,245
-179,-2,272
-173,4,253
-165,3,205
-157,8,165
-154,21,139
-152,34,132
-148,39,130
-140,38,135
-131,32,146
-125,23,159
-125,17,162
-129,21,168
-132,25,169
-133,25,183
-134,23,198
-138,17,213
-148,8,225
-156,7,247
-155,12,249
-151,19,232
-140,23,198
-130,28,181
-125,29,170
-125,33,164
-124,42,160
-120,51,155
-120,49,154
-123,37,165
-125,26,173
-128,14,186
-129,14,208
-128,13,216
-131,9,211
-131,10,204
-129,13,202
-125,19,202
-129,21,168
-132,25,169
-133,25,183
-134,23,198
-138,17,213
-148,8,225
-156,7,247
-155,12,249
-151,19,232
-140,23,198
-130,28,181
-125,29,170
-125,33,164
-124,42,160
-120,51,155
-120,49,154
-123,37,165
-125,26,173
-128,14,186
-129,14,208
-128,13,216
-131,9,211
-131,10,204
-129,13,202
-125,19,202
-119,29,195
-116,37,187
-119,38,174
-119,47,176
-118,50,184
-113,44,194
-111,30,213
-112,17,226
-120,11,236
-125,17,226
-126,15,215
-126,13,200
-124,12,188
-120,15,182
-118,20,182
-118,25,186
-120,28,194
-118,30,198
-116,26,203
-108,23,201
-105,20,195
-103,18,192
-106,18,191
-112,21,197
-122,25,203
-129,21,168
-132,25,169
-133,25,183
-134,23,198
-138,17,213
-148,8,225
-156,7,247
-155,12,249
-151,19,232
-140,23,198
-130,28,181
-125,29,170
-125,33,164
-124,42,160
-120,51,155
-120,49,154
-123,37,165
-125,26,173
-128,14,186
-129,14,208
-128,13,216
-131,9,211
-131,10,204
-129,13,202
-125,19,202
-119,29,195
-116,37,187
-119,38,174
-119,47,176
-118,50,184
-113,44,194
-111,30,213
-112,17,226
-120,11,236
-125,17,226
-126,15,215
-126,13,200
-124,12,188
-120,15,182
-118,20,182
-118,25,186
-120,28,194
-118,30,198
-116,26,203
-108,23,201
-105,20,195
-103,18,192
-106,18,191
-112,21,197
-122,25,203
-128,24,207
-130,26,200
-129,25,190
-127,23,184
-127,21,185
-130,23,194
-129,21,205
-125,20,204
-115,17,199
-108,16,198
-104,14,198
-102,16,202
-99,18,209
-98,21,217
-98,24,223
-99,24,228
-103,27,233
-105,32,232
-106,32,221
-99,27,209
-95,22,201
-95,20,198
-100,18,201
-105,15,207
-105,14,209
-129,21,168
-132,25,169
-133,25,183
-134,23,198
-138,17,213
-148,8,225
-156,7,247
-155,12,249
-151,19,232
-140,23,198
-130,28,181
-125,29,170
-125,33,164
-124,42,160
-120,51,155
-120,49,154
-123,37,165
-125,26,173
-128,14,186
-129,14,208
-128,13,216
-131,9,211
-131,10,204
-129,13,202
-125,19,202
-119,29,195
-116,37,187
-119,38,174
-119,47,176
-118,50,184
-113,44,194
-111,30,213
-112,17,226
-120,11,236
-125,17,226
-126,15,215
-126,13,200
-124,12,188
-120,15,182
-118,20,182
-118,25,186
-120,28,194
-118,30,198
-116,26,203
-108,23,201
-105,20,195
-103,18,192
-106,18,191
-112,21,197
-122,25,203
-128,24,207
-130,26,200
-129,25,190
-127,23,184
-127,21,185
-130,23,194
-129,21,205
-125,20,204
-115,17,199
-108,16,198
-104,14,198
-102,16,202
-99,18,209
-98,21,217
-98,24,223
-99,24,228
-103,27,233
-105,32,232
-106,32,221
-99,27,209
-95,22,201
-95,20,198
-100,18,201
-105,15,207
-105,14,209
-104,14,208
-101,12,207
-101,15,209
-97,17,207
-95,18,202
-92,17,192
-88,10,192
-89,12,201
-91,10,216
-94,8,236
-100,8,249
-101,9,250
-97,10,241
-93,14,223
-93,22,216
-91,25,212
-93,22,211
-87,16,205
-89,17,202
-91,21,201